2026-07-01 01:24:28 | INFO     | YouTubeLiveNotifier.StateManager         | No state file found — starting with default state.
2026-07-01 01:24:28 | INFO     | YouTubeLiveNotifier                      | =================================================================
2026-07-01 01:24:28 | INFO     | YouTubeLiveNotifier                      |   YouTube Live Notifier — Started
2026-07-01 01:24:28 | INFO     | YouTubeLiveNotifier                      |   Channel ID      : UCrMGi1oYELKLGp5GgQajmWA
2026-07-01 01:24:28 | INFO     | YouTubeLiveNotifier                      |   Channel name    : 42Level
2026-07-01 01:24:28 | INFO     | YouTubeLiveNotifier                      |   Check interval  : 300s
2026-07-01 01:24:28 | INFO     | YouTubeLiveNotifier                      |   Retry delay     : 15s
2026-07-01 01:24:28 | INFO     | YouTubeLiveNotifier                      |   Restored state  : is_live=False, video_id=None, message_id=None
2026-07-01 01:24:28 | INFO     | YouTubeLiveNotifier                      | =================================================================
2026-07-01 01:24:29 | ERROR    | YouTubeLiveNotifier.YouTube              | YouTube API error 403: The authenticated user cannot act on behalf of the specified Google account.
2026-07-01 01:24:29 | WARNING  | YouTubeLiveNotifier                      | Error in check cycle: HTTPError: 403 Client Error: Forbidden for url: https://www.googleapis.com/youtube/v3/search?part=id%2Csnippet&channelId=UCrMGi1oYELKLGp5GgQajmWA&eventType=live&type=video&maxResults=1&key=AIzaSyDxata1y9vOXleZnE7J3NY1dlQ5MBv4-pQ. Retrying in 15s …
2026-07-01 01:24:44 | ERROR    | YouTubeLiveNotifier.YouTube              | YouTube API error 403: The authenticated user cannot act on behalf of the specified Google account.
2026-07-01 01:24:44 | WARNING  | YouTubeLiveNotifier                      | Error in check cycle: HTTPError: 403 Client Error: Forbidden for url: https://www.googleapis.com/youtube/v3/search?part=id%2Csnippet&channelId=UCrMGi1oYELKLGp5GgQajmWA&eventType=live&type=video&maxResults=1&key=AIzaSyDxata1y9vOXleZnE7J3NY1dlQ5MBv4-pQ. Retrying in 15s …
2026-07-01 01:24:59 | ERROR    | YouTubeLiveNotifier.YouTube              | YouTube API error 403: The authenticated user cannot act on behalf of the specified Google account.
2026-07-01 01:24:59 | WARNING  | YouTubeLiveNotifier                      | Error in check cycle: HTTPError: 403 Client Error: Forbidden for url: https://www.googleapis.com/youtube/v3/search?part=id%2Csnippet&channelId=UCrMGi1oYELKLGp5GgQajmWA&eventType=live&type=video&maxResults=1&key=AIzaSyDxata1y9vOXleZnE7J3NY1dlQ5MBv4-pQ. Retrying in 15s …
2026-07-01 01:26:46 | INFO     | YouTubeLiveNotifier                      | Bot stopped by user (Ctrl+C). Goodbye!
2026-07-01 01:30:09 | INFO     | YouTubeLiveNotifier.StateManager         | No state file found — starting with default state.
2026-07-01 01:30:09 | INFO     | YouTubeLiveNotifier                      | =================================================================
2026-07-01 01:30:09 | INFO     | YouTubeLiveNotifier                      |   YouTube Live Notifier — Started
2026-07-01 01:30:09 | INFO     | YouTubeLiveNotifier                      |   Channel ID      : UCrMGi1oYELKLGp5GgQajmWA
2026-07-01 01:30:09 | INFO     | YouTubeLiveNotifier                      |   Channel name    : 42Level
2026-07-01 01:30:09 | INFO     | YouTubeLiveNotifier                      |   Check interval  : 300s
2026-07-01 01:30:09 | INFO     | YouTubeLiveNotifier                      |   Retry delay     : 15s
2026-07-01 01:30:09 | INFO     | YouTubeLiveNotifier                      |   Restored state  : is_live=False, video_id=None, message_id=None
2026-07-01 01:30:09 | INFO     | YouTubeLiveNotifier                      | =================================================================
2026-07-01 01:32:08 | INFO     | YouTubeLiveNotifier                      | Bot stopped by user (Ctrl+C). Goodbye!
2026-07-01 01:32:11 | INFO     | YouTubeLiveNotifier.StateManager         | No state file found — starting with default state.
2026-07-01 01:32:11 | INFO     | YouTubeLiveNotifier                      | =================================================================
2026-07-01 01:32:11 | INFO     | YouTubeLiveNotifier                      |   YouTube Live Notifier — Started
2026-07-01 01:32:11 | INFO     | YouTubeLiveNotifier                      |   Channel ID      : UCrMGi1oYELKLGp5GgQajmWA
2026-07-01 01:32:11 | INFO     | YouTubeLiveNotifier                      |   Channel name    : 42Level
2026-07-01 01:32:11 | INFO     | YouTubeLiveNotifier                      |   Check interval  : 300s
2026-07-01 01:32:11 | INFO     | YouTubeLiveNotifier                      |   Retry delay     : 15s
2026-07-01 01:32:11 | INFO     | YouTubeLiveNotifier                      |   Restored state  : is_live=False, video_id=None, message_id=None
2026-07-01 01:32:11 | INFO     | YouTubeLiveNotifier                      | =================================================================
2026-07-01 01:33:36 | INFO     | YouTubeLiveNotifier                      | Bot stopped by user (Ctrl+C). Goodbye!
2026-07-01 01:33:50 | INFO     | YouTubeLiveNotifier.StateManager         | No state file found — starting with default state.
2026-07-01 01:33:50 | INFO     | YouTubeLiveNotifier                      | =================================================================
2026-07-01 01:33:50 | INFO     | YouTubeLiveNotifier                      |   YouTube Live Notifier — Started
2026-07-01 01:33:50 | INFO     | YouTubeLiveNotifier                      |   Channel ID      : UCrMGi1oYELKLGp5GgQajmWA
2026-07-01 01:33:50 | INFO     | YouTubeLiveNotifier                      |   Channel name    : 42Level
2026-07-01 01:33:50 | INFO     | YouTubeLiveNotifier                      |   Check interval  : 5s
2026-07-01 01:33:50 | INFO     | YouTubeLiveNotifier                      |   Retry delay     : 5s
2026-07-01 01:33:50 | INFO     | YouTubeLiveNotifier                      |   Restored state  : is_live=False, video_id=None, message_id=None
2026-07-01 01:33:50 | INFO     | YouTubeLiveNotifier                      | =================================================================
2026-07-01 01:36:38 | INFO     | YouTubeLiveNotifier                      | Bot stopped by user (Ctrl+C). Goodbye!
2026-07-01 01:36:40 | INFO     | YouTubeLiveNotifier.StateManager         | No state file found — starting with default state.
2026-07-01 01:36:40 | INFO     | YouTubeLiveNotifier                      | =================================================================
2026-07-01 01:36:40 | INFO     | YouTubeLiveNotifier                      |   YouTube Live Notifier — Started
2026-07-01 01:36:40 | INFO     | YouTubeLiveNotifier                      |   Channel ID      : UCrMGi1oYELKLGp5GgQajmWA
2026-07-01 01:36:40 | INFO     | YouTubeLiveNotifier                      |   Channel name    : 42Level
2026-07-01 01:36:40 | INFO     | YouTubeLiveNotifier                      |   Check interval  : 5s
2026-07-01 01:36:40 | INFO     | YouTubeLiveNotifier                      |   Retry delay     : 5s
2026-07-01 01:36:40 | INFO     | YouTubeLiveNotifier                      |   Restored state  : is_live=False, video_id=None, message_id=None
2026-07-01 01:36:40 | INFO     | YouTubeLiveNotifier                      | =================================================================
2026-07-01 01:41:06 | INFO     | YouTubeLiveNotifier                      | Bot stopped by user (Ctrl+C). Goodbye!
2026-07-01 01:49:55 | INFO     | YouTubeLiveNotifier.StateManager         | No state file found — starting with default state.
2026-07-01 01:49:55 | INFO     | YouTubeLiveNotifier                      | =================================================================
2026-07-01 01:49:55 | INFO     | YouTubeLiveNotifier                      |   YouTube Live Notifier — Started
2026-07-01 01:49:55 | INFO     | YouTubeLiveNotifier                      |   Channel ID      : UCrMGi1oYELKLGp5GgQajmWA
2026-07-01 01:49:55 | INFO     | YouTubeLiveNotifier                      |   Channel name    : 42Level
2026-07-01 01:49:55 | INFO     | YouTubeLiveNotifier                      |   Check interval  : 5s
2026-07-01 01:49:55 | INFO     | YouTubeLiveNotifier                      |   Retry delay     : 5s
2026-07-01 01:49:55 | INFO     | YouTubeLiveNotifier                      |   Restored state  : is_live=False, video_id=None, message_id=None
2026-07-01 01:49:55 | INFO     | YouTubeLiveNotifier                      | =================================================================
2026-07-01 01:50:06 | ERROR    | YouTubeLiveNotifier.YouTube              | YouTube API error 403: The authenticated user cannot act on behalf of the specified Google account.
2026-07-01 01:50:06 | WARNING  | YouTubeLiveNotifier                      | Error in check cycle: HTTPError: 403 Client Error: Forbidden for url: https://www.googleapis.com/youtube/v3/search?part=id%2Csnippet&channelId=UCrMGi1oYELKLGp5GgQajmWA&eventType=live&type=video&maxResults=1&key=AIzaSyA5QuFb5a8lg7H2o9JioqDG6fXTcial2TQ. Retrying in 5s …
2026-07-01 01:50:12 | ERROR    | YouTubeLiveNotifier.YouTube              | YouTube API error 403: The authenticated user cannot act on behalf of the specified Google account.
2026-07-01 01:50:12 | WARNING  | YouTubeLiveNotifier                      | Error in check cycle: HTTPError: 403 Client Error: Forbidden for url: https://www.googleapis.com/youtube/v3/search?part=id%2Csnippet&channelId=UCrMGi1oYELKLGp5GgQajmWA&eventType=live&type=video&maxResults=1&key=AIzaSyA5QuFb5a8lg7H2o9JioqDG6fXTcial2TQ. Retrying in 5s …
2026-07-01 01:50:22 | ERROR    | YouTubeLiveNotifier.YouTube              | YouTube API error 403: The authenticated user cannot act on behalf of the specified Google account.
2026-07-01 01:50:22 | WARNING  | YouTubeLiveNotifier                      | Error in check cycle: HTTPError: 403 Client Error: Forbidden for url: https://www.googleapis.com/youtube/v3/search?part=id%2Csnippet&channelId=UCrMGi1oYELKLGp5GgQajmWA&eventType=live&type=video&maxResults=1&key=AIzaSyA5QuFb5a8lg7H2o9JioqDG6fXTcial2TQ. Retrying in 5s …
2026-07-01 01:50:28 | INFO     | YouTubeLiveNotifier.YouTube              | Live stream detected: 'TEST' (video_id=Hn2bk8A6U3A)
2026-07-01 01:50:28 | INFO     | YouTubeLiveNotifier                      | [TRANSITION] Offline → Live (video_id=Hn2bk8A6U3A, title='TEST')
2026-07-01 01:50:31 | INFO     | YouTubeLiveNotifier.Telegram             | Message sent → message_id=3
2026-07-01 01:50:31 | INFO     | YouTubeLiveNotifier.StateManager         | State → LIVE | video_id=Hn2bk8A6U3A | message_id=3
2026-07-01 01:50:31 | INFO     | YouTubeLiveNotifier                      | Live notification sent. URL=https://www.youtube.com/watch?v=Hn2bk8A6U3A | TG message_id=3
2026-07-01 01:55:44 | INFO     | YouTubeLiveNotifier.YouTube              | videos.list → video Hn2bk8A6U3A is no longer live (liveBroadcastContent='none').
2026-07-01 01:55:44 | INFO     | YouTubeLiveNotifier                      | [TRANSITION] Live → Offline
2026-07-01 01:55:44 | INFO     | YouTubeLiveNotifier.Telegram             | Message deleted → message_id=3
2026-07-01 01:55:44 | INFO     | YouTubeLiveNotifier                      | Live-start message deleted (TG message_id=3).
2026-07-01 01:55:44 | INFO     | YouTubeLiveNotifier.Telegram             | Message sent → message_id=4
2026-07-01 01:55:44 | INFO     | YouTubeLiveNotifier                      | Live-end notification sent (TG message_id=4).
2026-07-01 01:55:44 | INFO     | YouTubeLiveNotifier.StateManager         | State → OFFLINE
2026-07-01 01:56:00 | ERROR    | YouTubeLiveNotifier.YouTube              | YouTube API error 403: The authenticated user cannot act on behalf of the specified Google account.
2026-07-01 01:56:00 | WARNING  | YouTubeLiveNotifier                      | Error in check cycle: HTTPError: 403 Client Error: Forbidden for url: https://www.googleapis.com/youtube/v3/search?part=id%2Csnippet&channelId=UCrMGi1oYELKLGp5GgQajmWA&eventType=live&type=video&maxResults=1&key=AIzaSyA5QuFb5a8lg7H2o9JioqDG6fXTcial2TQ. Retrying in 5s …
2026-07-01 01:56:10 | ERROR    | YouTubeLiveNotifier.YouTube              | YouTube API error 403: The authenticated user cannot act on behalf of the specified Google account.
2026-07-01 01:56:10 | WARNING  | YouTubeLiveNotifier                      | Error in check cycle: HTTPError: 403 Client Error: Forbidden for url: https://www.googleapis.com/youtube/v3/search?part=id%2Csnippet&channelId=UCrMGi1oYELKLGp5GgQajmWA&eventType=live&type=video&maxResults=1&key=AIzaSyA5QuFb5a8lg7H2o9JioqDG6fXTcial2TQ. Retrying in 5s …
2026-07-01 01:56:16 | ERROR    | YouTubeLiveNotifier.YouTube              | YouTube API error 403: The authenticated user cannot act on behalf of the specified Google account.
2026-07-01 01:56:16 | WARNING  | YouTubeLiveNotifier                      | Error in check cycle: HTTPError: 403 Client Error: Forbidden for url: https://www.googleapis.com/youtube/v3/search?part=id%2Csnippet&channelId=UCrMGi1oYELKLGp5GgQajmWA&eventType=live&type=video&maxResults=1&key=AIzaSyA5QuFb5a8lg7H2o9JioqDG6fXTcial2TQ. Retrying in 5s …
2026-07-01 01:56:21 | ERROR    | YouTubeLiveNotifier.YouTube              | YouTube API error 403: The authenticated user cannot act on behalf of the specified Google account.
2026-07-01 01:56:21 | WARNING  | YouTubeLiveNotifier                      | Error in check cycle: HTTPError: 403 Client Error: Forbidden for url: https://www.googleapis.com/youtube/v3/search?part=id%2Csnippet&channelId=UCrMGi1oYELKLGp5GgQajmWA&eventType=live&type=video&maxResults=1&key=AIzaSyA5QuFb5a8lg7H2o9JioqDG6fXTcial2TQ. Retrying in 5s …
2026-07-01 01:56:26 | ERROR    | YouTubeLiveNotifier.YouTube              | YouTube API error 403: The authenticated user cannot act on behalf of the specified Google account.
2026-07-01 01:56:26 | WARNING  | YouTubeLiveNotifier                      | Error in check cycle: HTTPError: 403 Client Error: Forbidden for url: https://www.googleapis.com/youtube/v3/search?part=id%2Csnippet&channelId=UCrMGi1oYELKLGp5GgQajmWA&eventType=live&type=video&maxResults=1&key=AIzaSyA5QuFb5a8lg7H2o9JioqDG6fXTcial2TQ. Retrying in 5s …
2026-07-01 01:56:36 | ERROR    | YouTubeLiveNotifier.YouTube              | YouTube API error 403: The authenticated user cannot act on behalf of the specified Google account.
2026-07-01 01:56:36 | WARNING  | YouTubeLiveNotifier                      | Error in check cycle: HTTPError: 403 Client Error: Forbidden for url: https://www.googleapis.com/youtube/v3/search?part=id%2Csnippet&channelId=UCrMGi1oYELKLGp5GgQajmWA&eventType=live&type=video&maxResults=1&key=AIzaSyA5QuFb5a8lg7H2o9JioqDG6fXTcial2TQ. Retrying in 5s …
2026-07-01 01:56:47 | ERROR    | YouTubeLiveNotifier.YouTube              | YouTube API error 403: The authenticated user cannot act on behalf of the specified Google account.
2026-07-01 01:56:47 | WARNING  | YouTubeLiveNotifier                      | Error in check cycle: HTTPError: 403 Client Error: Forbidden for url: https://www.googleapis.com/youtube/v3/search?part=id%2Csnippet&channelId=UCrMGi1oYELKLGp5GgQajmWA&eventType=live&type=video&maxResults=1&key=AIzaSyA5QuFb5a8lg7H2o9JioqDG6fXTcial2TQ. Retrying in 5s …
2026-07-01 01:57:02 | ERROR    | YouTubeLiveNotifier.YouTube              | YouTube API error 403: The authenticated user cannot act on behalf of the specified Google account.
2026-07-01 01:57:02 | WARNING  | YouTubeLiveNotifier                      | Error in check cycle: HTTPError: 403 Client Error: Forbidden for url: https://www.googleapis.com/youtube/v3/search?part=id%2Csnippet&channelId=UCrMGi1oYELKLGp5GgQajmWA&eventType=live&type=video&maxResults=1&key=AIzaSyA5QuFb5a8lg7H2o9JioqDG6fXTcial2TQ. Retrying in 5s …
2026-07-01 01:57:18 | INFO     | YouTubeLiveNotifier.YouTube              | Live stream detected: 'TEST' (video_id=HnlY9CSMp3M)
2026-07-01 01:57:18 | INFO     | YouTubeLiveNotifier                      | [TRANSITION] Offline → Live (video_id=HnlY9CSMp3M, title='TEST')
2026-07-01 01:57:19 | INFO     | YouTubeLiveNotifier.Telegram             | Message sent → message_id=5
2026-07-01 01:57:19 | INFO     | YouTubeLiveNotifier.StateManager         | State → LIVE | video_id=HnlY9CSMp3M | message_id=5
2026-07-01 01:57:19 | INFO     | YouTubeLiveNotifier                      | Live notification sent. URL=https://www.youtube.com/watch?v=HnlY9CSMp3M | TG message_id=5
2026-07-01 01:58:41 | INFO     | YouTubeLiveNotifier.YouTube              | videos.list → video HnlY9CSMp3M is no longer live (liveBroadcastContent='none').
2026-07-01 01:58:41 | INFO     | YouTubeLiveNotifier                      | [TRANSITION] Live → Offline
2026-07-01 01:58:42 | INFO     | YouTubeLiveNotifier.Telegram             | Message deleted → message_id=5
2026-07-01 01:58:42 | INFO     | YouTubeLiveNotifier                      | Live-start message deleted (TG message_id=5).
2026-07-01 01:58:42 | INFO     | YouTubeLiveNotifier.Telegram             | Message sent → message_id=6
2026-07-01 01:58:42 | INFO     | YouTubeLiveNotifier                      | Live-end notification sent (TG message_id=6).
2026-07-01 01:58:42 | INFO     | YouTubeLiveNotifier.StateManager         | State → OFFLINE
2026-07-01 01:58:52 | ERROR    | YouTubeLiveNotifier.YouTube              | YouTube API error 403: The authenticated user cannot act on behalf of the specified Google account.
2026-07-01 01:58:52 | WARNING  | YouTubeLiveNotifier                      | Error in check cycle: HTTPError: 403 Client Error: Forbidden for url: https://www.googleapis.com/youtube/v3/search?part=id%2Csnippet&channelId=UCrMGi1oYELKLGp5GgQajmWA&eventType=live&type=video&maxResults=1&key=AIzaSyA5QuFb5a8lg7H2o9JioqDG6fXTcial2TQ. Retrying in 5s …
2026-07-01 01:59:03 | ERROR    | YouTubeLiveNotifier.YouTube              | YouTube API error 403: The authenticated user cannot act on behalf of the specified Google account.
2026-07-01 01:59:03 | WARNING  | YouTubeLiveNotifier                      | Error in check cycle: HTTPError: 403 Client Error: Forbidden for url: https://www.googleapis.com/youtube/v3/search?part=id%2Csnippet&channelId=UCrMGi1oYELKLGp5GgQajmWA&eventType=live&type=video&maxResults=1&key=AIzaSyA5QuFb5a8lg7H2o9JioqDG6fXTcial2TQ. Retrying in 5s …
2026-07-01 01:59:19 | ERROR    | YouTubeLiveNotifier.YouTube              | YouTube API error 403: The authenticated user cannot act on behalf of the specified Google account.
2026-07-01 01:59:19 | WARNING  | YouTubeLiveNotifier                      | Error in check cycle: HTTPError: 403 Client Error: Forbidden for url: https://www.googleapis.com/youtube/v3/search?part=id%2Csnippet&channelId=UCrMGi1oYELKLGp5GgQajmWA&eventType=live&type=video&maxResults=1&key=AIzaSyA5QuFb5a8lg7H2o9JioqDG6fXTcial2TQ. Retrying in 5s …
2026-07-01 02:07:09 | INFO     | YouTubeLiveNotifier.StateManager         | State loaded from 'state.json': is_live=False, video_id=None, message_id=None, end_message_id=None
2026-07-01 02:07:09 | INFO     | YouTubeLiveNotifier                      | =================================================================
2026-07-01 02:07:09 | INFO     | YouTubeLiveNotifier                      |   YouTube Live Notifier — Started
2026-07-01 02:07:09 | INFO     | YouTubeLiveNotifier                      |   Channel ID      : UCrMGi1oYELKLGp5GgQajmWA
2026-07-01 02:07:09 | INFO     | YouTubeLiveNotifier                      |   Channel name    : 42Level
2026-07-01 02:07:09 | INFO     | YouTubeLiveNotifier                      |   Check interval  : 5s
2026-07-01 02:07:09 | INFO     | YouTubeLiveNotifier                      |   Retry delay     : 5s
2026-07-01 02:07:09 | INFO     | YouTubeLiveNotifier                      |   Restored state  : is_live=False, video_id=None, message_id=None, end_message_id=None
2026-07-01 02:07:09 | INFO     | YouTubeLiveNotifier                      | =================================================================
2026-07-01 02:07:41 | INFO     | YouTubeLiveNotifier.YouTube              | Live stream detected: 'TEST' (video_id=31a8Eqb-kqg)
2026-07-01 02:07:41 | INFO     | YouTubeLiveNotifier                      | [TRANSITION] Offline → Live (video_id=31a8Eqb-kqg, title='TEST')
2026-07-01 02:07:42 | INFO     | YouTubeLiveNotifier.Telegram             | Message sent → message_id=7
2026-07-01 02:07:42 | INFO     | YouTubeLiveNotifier.StateManager         | State → LIVE | video_id=31a8Eqb-kqg | message_id=7
2026-07-01 02:07:42 | INFO     | YouTubeLiveNotifier                      | Live notification sent. URL=https://www.youtube.com/watch?v=31a8Eqb-kqg | TG message_id=7
2026-07-01 02:09:36 | INFO     | YouTubeLiveNotifier.YouTube              | videos.list → video 31a8Eqb-kqg is no longer live (liveBroadcastContent='none').
2026-07-01 02:09:36 | INFO     | YouTubeLiveNotifier                      | [TRANSITION] Live → Offline
2026-07-01 02:09:36 | INFO     | YouTubeLiveNotifier.Telegram             | Message deleted → message_id=7
2026-07-01 02:09:36 | INFO     | YouTubeLiveNotifier                      | Live-start message deleted (TG message_id=7).
2026-07-01 02:09:36 | INFO     | YouTubeLiveNotifier.Telegram             | Message sent → message_id=8
2026-07-01 02:09:36 | INFO     | YouTubeLiveNotifier                      | Live-end notification sent (TG message_id=8).
2026-07-01 02:09:36 | INFO     | YouTubeLiveNotifier.StateManager         | State → OFFLINE | end_message_id=8
2026-07-01 02:09:47 | ERROR    | YouTubeLiveNotifier.YouTube              | YouTube API error 429: Quota exceeded for quota metric 'Search Queries' and limit 'Search Queries per day' of service 'youtube.googleapis.com' for consumer 'project_number:30789778189'.
2026-07-01 02:09:47 | WARNING  | YouTubeLiveNotifier                      | Error in check cycle: HTTPError: 429 Client Error: Too Many Requests for url: https://www.googleapis.com/youtube/v3/search?part=id%2Csnippet&channelId=UCrMGi1oYELKLGp5GgQajmWA&eventType=live&type=video&maxResults=1&key=AIzaSyA5QuFb5a8lg7H2o9JioqDG6fXTcial2TQ. Retrying in 5s …
2026-07-01 02:10:02 | ERROR    | YouTubeLiveNotifier.YouTube              | YouTube API error 429: Quota exceeded for quota metric 'Search Queries' and limit 'Search Queries per day' of service 'youtube.googleapis.com' for consumer 'project_number:30789778189'.
2026-07-01 02:10:02 | WARNING  | YouTubeLiveNotifier                      | Error in check cycle: HTTPError: 429 Client Error: Too Many Requests for url: https://www.googleapis.com/youtube/v3/search?part=id%2Csnippet&channelId=UCrMGi1oYELKLGp5GgQajmWA&eventType=live&type=video&maxResults=1&key=AIzaSyA5QuFb5a8lg7H2o9JioqDG6fXTcial2TQ. Retrying in 5s …
2026-07-01 02:10:08 | ERROR    | YouTubeLiveNotifier.YouTube              | YouTube API error 429: Quota exceeded for quota metric 'Search Queries' and limit 'Search Queries per day' of service 'youtube.googleapis.com' for consumer 'project_number:30789778189'.
2026-07-01 02:10:08 | WARNING  | YouTubeLiveNotifier                      | Error in check cycle: HTTPError: 429 Client Error: Too Many Requests for url: https://www.googleapis.com/youtube/v3/search?part=id%2Csnippet&channelId=UCrMGi1oYELKLGp5GgQajmWA&eventType=live&type=video&maxResults=1&key=AIzaSyA5QuFb5a8lg7H2o9JioqDG6fXTcial2TQ. Retrying in 5s …
2026-07-01 02:10:18 | ERROR    | YouTubeLiveNotifier.YouTube              | YouTube API error 429: Quota exceeded for quota metric 'Search Queries' and limit 'Search Queries per day' of service 'youtube.googleapis.com' for consumer 'project_number:30789778189'.
2026-07-01 02:10:18 | WARNING  | YouTubeLiveNotifier                      | Error in check cycle: HTTPError: 429 Client Error: Too Many Requests for url: https://www.googleapis.com/youtube/v3/search?part=id%2Csnippet&channelId=UCrMGi1oYELKLGp5GgQajmWA&eventType=live&type=video&maxResults=1&key=AIzaSyA5QuFb5a8lg7H2o9JioqDG6fXTcial2TQ. Retrying in 5s …
2026-07-01 02:10:23 | INFO     | YouTubeLiveNotifier.YouTube              | Live stream detected: 'TEST' (video_id=Ih5PRBKRT4c)
2026-07-01 02:10:23 | INFO     | YouTubeLiveNotifier                      | [TRANSITION] Offline → Live (video_id=Ih5PRBKRT4c, title='TEST')
2026-07-01 02:10:24 | INFO     | YouTubeLiveNotifier.Telegram             | Message deleted → message_id=8
2026-07-01 02:10:24 | INFO     | YouTubeLiveNotifier                      | Previous end-message deleted (TG message_id=8).
2026-07-01 02:10:24 | INFO     | YouTubeLiveNotifier.Telegram             | Message sent → message_id=9
2026-07-01 02:10:24 | INFO     | YouTubeLiveNotifier.StateManager         | State → LIVE | video_id=Ih5PRBKRT4c | message_id=9
2026-07-01 02:10:24 | INFO     | YouTubeLiveNotifier                      | Live notification sent. URL=https://www.youtube.com/watch?v=Ih5PRBKRT4c | TG message_id=9
2026-07-01 02:18:06 | INFO     | YouTubeLiveNotifier                      | Bot stopped by user (Ctrl+C). Goodbye!
2026-07-01 02:19:05 | INFO     | YouTubeLiveNotifier.StateManager         | State loaded from 'state.json': is_live=True, video_id=Ih5PRBKRT4c, message_id=9, end_message_id=None
2026-07-01 02:19:05 | INFO     | YouTubeLiveNotifier                      | =================================================================
2026-07-01 02:19:05 | INFO     | YouTubeLiveNotifier                      |   YouTube Live Notifier — Started
2026-07-01 02:19:05 | INFO     | YouTubeLiveNotifier                      |   Channel ID      : UCrMGi1oYELKLGp5GgQajmWA
2026-07-01 02:19:05 | INFO     | YouTubeLiveNotifier                      |   Channel name    : 42Level
2026-07-01 02:19:05 | INFO     | YouTubeLiveNotifier                      |   Check interval  : 5s
2026-07-01 02:19:05 | INFO     | YouTubeLiveNotifier                      |   Retry delay     : 5s
2026-07-01 02:19:05 | INFO     | YouTubeLiveNotifier                      |   Restored state  : is_live=True, video_id=Ih5PRBKRT4c, message_id=9, end_message_id=None
2026-07-01 02:19:05 | INFO     | YouTubeLiveNotifier                      | =================================================================
2026-07-01 02:21:52 | INFO     | YouTubeLiveNotifier.YouTube              | videos.list → video Ih5PRBKRT4c is no longer live (liveBroadcastContent='none').
2026-07-01 02:21:52 | INFO     | YouTubeLiveNotifier                      | [TRANSITION] Live → Offline
2026-07-01 02:21:53 | INFO     | YouTubeLiveNotifier.Telegram             | Message deleted → message_id=9
2026-07-01 02:21:53 | INFO     | YouTubeLiveNotifier                      | Live-start message deleted (TG message_id=9).
2026-07-01 02:21:53 | INFO     | YouTubeLiveNotifier.Telegram             | Message sent → message_id=10
2026-07-01 02:21:53 | INFO     | YouTubeLiveNotifier                      | Live-end notification sent (TG message_id=10).
2026-07-01 02:21:53 | INFO     | YouTubeLiveNotifier.StateManager         | State → OFFLINE | end_message_id=10
2026-07-01 02:21:58 | ERROR    | YouTubeLiveNotifier.YouTube              | YouTube API error 403: The authenticated user cannot act on behalf of the specified Google account.
2026-07-01 02:21:58 | WARNING  | YouTubeLiveNotifier                      | Error in check cycle: HTTPError: 403 Client Error: Forbidden for url: https://www.googleapis.com/youtube/v3/search?part=id%2Csnippet&channelId=UCrMGi1oYELKLGp5GgQajmWA&eventType=live&type=video&maxResults=1&key=AIzaSyA5QuFb5a8lg7H2o9JioqDG6fXTcial2TQ. Retrying in 5s …
2026-07-01 02:22:03 | ERROR    | YouTubeLiveNotifier.YouTube              | YouTube API error 403: The authenticated user cannot act on behalf of the specified Google account.
2026-07-01 02:22:03 | WARNING  | YouTubeLiveNotifier                      | Error in check cycle: HTTPError: 403 Client Error: Forbidden for url: https://www.googleapis.com/youtube/v3/search?part=id%2Csnippet&channelId=UCrMGi1oYELKLGp5GgQajmWA&eventType=live&type=video&maxResults=1&key=AIzaSyA5QuFb5a8lg7H2o9JioqDG6fXTcial2TQ. Retrying in 5s …
2026-07-01 02:22:08 | ERROR    | YouTubeLiveNotifier.YouTube              | YouTube API error 429: Quota exceeded for quota metric 'Search Queries' and limit 'Search Queries per day' of service 'youtube.googleapis.com' for consumer 'project_number:30789778189'.
2026-07-01 02:22:08 | WARNING  | YouTubeLiveNotifier                      | Error in check cycle: HTTPError: 429 Client Error: Too Many Requests for url: https://www.googleapis.com/youtube/v3/search?part=id%2Csnippet&channelId=UCrMGi1oYELKLGp5GgQajmWA&eventType=live&type=video&maxResults=1&key=AIzaSyA5QuFb5a8lg7H2o9JioqDG6fXTcial2TQ. Retrying in 5s …
2026-07-01 02:22:13 | ERROR    | YouTubeLiveNotifier.YouTube              | YouTube API error 429: Quota exceeded for quota metric 'Search Queries' and limit 'Search Queries per day' of service 'youtube.googleapis.com' for consumer 'project_number:30789778189'.
2026-07-01 02:22:13 | WARNING  | YouTubeLiveNotifier                      | Error in check cycle: HTTPError: 429 Client Error: Too Many Requests for url: https://www.googleapis.com/youtube/v3/search?part=id%2Csnippet&channelId=UCrMGi1oYELKLGp5GgQajmWA&eventType=live&type=video&maxResults=1&key=AIzaSyA5QuFb5a8lg7H2o9JioqDG6fXTcial2TQ. Retrying in 5s …
2026-07-01 02:22:19 | ERROR    | YouTubeLiveNotifier.YouTube              | YouTube API error 429: Quota exceeded for quota metric 'Search Queries' and limit 'Search Queries per day' of service 'youtube.googleapis.com' for consumer 'project_number:30789778189'.
2026-07-01 02:22:19 | WARNING  | YouTubeLiveNotifier                      | Error in check cycle: HTTPError: 429 Client Error: Too Many Requests for url: https://www.googleapis.com/youtube/v3/search?part=id%2Csnippet&channelId=UCrMGi1oYELKLGp5GgQajmWA&eventType=live&type=video&maxResults=1&key=AIzaSyA5QuFb5a8lg7H2o9JioqDG6fXTcial2TQ. Retrying in 5s …
2026-07-01 02:22:24 | ERROR    | YouTubeLiveNotifier.YouTube              | YouTube API error 429: Quota exceeded for quota metric 'Search Queries' and limit 'Search Queries per day' of service 'youtube.googleapis.com' for consumer 'project_number:30789778189'.
2026-07-01 02:22:24 | WARNING  | YouTubeLiveNotifier                      | Error in check cycle: HTTPError: 429 Client Error: Too Many Requests for url: https://www.googleapis.com/youtube/v3/search?part=id%2Csnippet&channelId=UCrMGi1oYELKLGp5GgQajmWA&eventType=live&type=video&maxResults=1&key=AIzaSyA5QuFb5a8lg7H2o9JioqDG6fXTcial2TQ. Retrying in 5s …
2026-07-01 02:22:29 | ERROR    | YouTubeLiveNotifier.YouTube              | YouTube API error 429: Quota exceeded for quota metric 'Search Queries' and limit 'Search Queries per day' of service 'youtube.googleapis.com' for consumer 'project_number:30789778189'.
2026-07-01 02:22:29 | WARNING  | YouTubeLiveNotifier                      | Error in check cycle: HTTPError: 429 Client Error: Too Many Requests for url: https://www.googleapis.com/youtube/v3/search?part=id%2Csnippet&channelId=UCrMGi1oYELKLGp5GgQajmWA&eventType=live&type=video&maxResults=1&key=AIzaSyA5QuFb5a8lg7H2o9JioqDG6fXTcial2TQ. Retrying in 5s …
2026-07-01 02:22:34 | ERROR    | YouTubeLiveNotifier.YouTube              | YouTube API error 429: Quota exceeded for quota metric 'Search Queries' and limit 'Search Queries per day' of service 'youtube.googleapis.com' for consumer 'project_number:30789778189'.
2026-07-01 02:22:34 | WARNING  | YouTubeLiveNotifier                      | Error in check cycle: HTTPError: 429 Client Error: Too Many Requests for url: https://www.googleapis.com/youtube/v3/search?part=id%2Csnippet&channelId=UCrMGi1oYELKLGp5GgQajmWA&eventType=live&type=video&maxResults=1&key=AIzaSyA5QuFb5a8lg7H2o9JioqDG6fXTcial2TQ. Retrying in 5s …
2026-07-01 02:22:39 | ERROR    | YouTubeLiveNotifier.YouTube              | YouTube API error 429: Quota exceeded for quota metric 'Search Queries' and limit 'Search Queries per day' of service 'youtube.googleapis.com' for consumer 'project_number:30789778189'.
2026-07-01 02:22:39 | WARNING  | YouTubeLiveNotifier                      | Error in check cycle: HTTPError: 429 Client Error: Too Many Requests for url: https://www.googleapis.com/youtube/v3/search?part=id%2Csnippet&channelId=UCrMGi1oYELKLGp5GgQajmWA&eventType=live&type=video&maxResults=1&key=AIzaSyA5QuFb5a8lg7H2o9JioqDG6fXTcial2TQ. Retrying in 5s …
2026-07-01 02:22:45 | ERROR    | YouTubeLiveNotifier.YouTube              | YouTube API error 429: Quota exceeded for quota metric 'Search Queries' and limit 'Search Queries per day' of service 'youtube.googleapis.com' for consumer 'project_number:30789778189'.
2026-07-01 02:22:45 | WARNING  | YouTubeLiveNotifier                      | Error in check cycle: HTTPError: 429 Client Error: Too Many Requests for url: https://www.googleapis.com/youtube/v3/search?part=id%2Csnippet&channelId=UCrMGi1oYELKLGp5GgQajmWA&eventType=live&type=video&maxResults=1&key=AIzaSyA5QuFb5a8lg7H2o9JioqDG6fXTcial2TQ. Retrying in 5s …
2026-07-01 02:22:50 | ERROR    | YouTubeLiveNotifier.YouTube              | YouTube API error 429: Quota exceeded for quota metric 'Search Queries' and limit 'Search Queries per day' of service 'youtube.googleapis.com' for consumer 'project_number:30789778189'.
2026-07-01 02:22:50 | WARNING  | YouTubeLiveNotifier                      | Error in check cycle: HTTPError: 429 Client Error: Too Many Requests for url: https://www.googleapis.com/youtube/v3/search?part=id%2Csnippet&channelId=UCrMGi1oYELKLGp5GgQajmWA&eventType=live&type=video&maxResults=1&key=AIzaSyA5QuFb5a8lg7H2o9JioqDG6fXTcial2TQ. Retrying in 5s …
2026-07-01 02:22:55 | ERROR    | YouTubeLiveNotifier.YouTube              | YouTube API error 403: The authenticated user cannot act on behalf of the specified Google account.
2026-07-01 02:22:55 | WARNING  | YouTubeLiveNotifier                      | Error in check cycle: HTTPError: 403 Client Error: Forbidden for url: https://www.googleapis.com/youtube/v3/search?part=id%2Csnippet&channelId=UCrMGi1oYELKLGp5GgQajmWA&eventType=live&type=video&maxResults=1&key=AIzaSyA5QuFb5a8lg7H2o9JioqDG6fXTcial2TQ. Retrying in 5s …
2026-07-01 02:23:00 | ERROR    | YouTubeLiveNotifier.YouTube              | YouTube API error 429: Quota exceeded for quota metric 'Search Queries' and limit 'Search Queries per day' of service 'youtube.googleapis.com' for consumer 'project_number:30789778189'.
2026-07-01 02:23:00 | WARNING  | YouTubeLiveNotifier                      | Error in check cycle: HTTPError: 429 Client Error: Too Many Requests for url: https://www.googleapis.com/youtube/v3/search?part=id%2Csnippet&channelId=UCrMGi1oYELKLGp5GgQajmWA&eventType=live&type=video&maxResults=1&key=AIzaSyA5QuFb5a8lg7H2o9JioqDG6fXTcial2TQ. Retrying in 5s …
2026-07-01 02:23:05 | ERROR    | YouTubeLiveNotifier.YouTube              | YouTube API error 429: Quota exceeded for quota metric 'Search Queries' and limit 'Search Queries per day' of service 'youtube.googleapis.com' for consumer 'project_number:30789778189'.
2026-07-01 02:23:05 | WARNING  | YouTubeLiveNotifier                      | Error in check cycle: HTTPError: 429 Client Error: Too Many Requests for url: https://www.googleapis.com/youtube/v3/search?part=id%2Csnippet&channelId=UCrMGi1oYELKLGp5GgQajmWA&eventType=live&type=video&maxResults=1&key=AIzaSyA5QuFb5a8lg7H2o9JioqDG6fXTcial2TQ. Retrying in 5s …
2026-07-01 02:23:11 | INFO     | YouTubeLiveNotifier.YouTube              | Live stream detected: 'TEST' (video_id=eQzHF7e29Ds)
2026-07-01 02:23:11 | INFO     | YouTubeLiveNotifier                      | [TRANSITION] Offline → Live (video_id=eQzHF7e29Ds, title='TEST')
2026-07-01 02:23:11 | INFO     | YouTubeLiveNotifier.Telegram             | Message deleted → message_id=10
2026-07-01 02:23:11 | INFO     | YouTubeLiveNotifier                      | Previous end-message deleted (TG message_id=10).
2026-07-01 02:23:11 | INFO     | YouTubeLiveNotifier.Telegram             | Message sent → message_id=11
2026-07-01 02:23:11 | INFO     | YouTubeLiveNotifier.StateManager         | State → LIVE | video_id=eQzHF7e29Ds | message_id=11
2026-07-01 02:23:11 | INFO     | YouTubeLiveNotifier                      | Live notification sent. URL=https://www.youtube.com/watch?v=eQzHF7e29Ds | TG message_id=11
2026-07-01 02:24:50 | INFO     | YouTubeLiveNotifier.YouTube              | videos.list → video eQzHF7e29Ds is no longer live (liveBroadcastContent='none').
2026-07-01 02:24:50 | INFO     | YouTubeLiveNotifier                      | [TRANSITION] Live → Offline
2026-07-01 02:24:50 | INFO     | YouTubeLiveNotifier.Telegram             | Message deleted → message_id=11
2026-07-01 02:24:50 | INFO     | YouTubeLiveNotifier                      | Live-start message deleted (TG message_id=11).
2026-07-01 02:24:50 | INFO     | YouTubeLiveNotifier.Telegram             | Message sent → message_id=12
2026-07-01 02:24:50 | INFO     | YouTubeLiveNotifier                      | Live-end notification sent (TG message_id=12).
2026-07-01 02:24:50 | INFO     | YouTubeLiveNotifier.StateManager         | State → OFFLINE | end_message_id=12
2026-07-01 02:25:06 | ERROR    | YouTubeLiveNotifier.YouTube              | YouTube API error 429: Quota exceeded for quota metric 'Search Queries' and limit 'Search Queries per day' of service 'youtube.googleapis.com' for consumer 'project_number:30789778189'.
2026-07-01 02:25:06 | WARNING  | YouTubeLiveNotifier                      | Error in check cycle: HTTPError: 429 Client Error: Too Many Requests for url: https://www.googleapis.com/youtube/v3/search?part=id%2Csnippet&channelId=UCrMGi1oYELKLGp5GgQajmWA&eventType=live&type=video&maxResults=1&key=AIzaSyA5QuFb5a8lg7H2o9JioqDG6fXTcial2TQ. Retrying in 5s …
2026-07-01 02:25:11 | ERROR    | YouTubeLiveNotifier.YouTube              | YouTube API error 429: Quota exceeded for quota metric 'Search Queries' and limit 'Search Queries per day' of service 'youtube.googleapis.com' for consumer 'project_number:30789778189'.
2026-07-01 02:25:11 | WARNING  | YouTubeLiveNotifier                      | Error in check cycle: HTTPError: 429 Client Error: Too Many Requests for url: https://www.googleapis.com/youtube/v3/search?part=id%2Csnippet&channelId=UCrMGi1oYELKLGp5GgQajmWA&eventType=live&type=video&maxResults=1&key=AIzaSyA5QuFb5a8lg7H2o9JioqDG6fXTcial2TQ. Retrying in 5s …
2026-07-01 02:25:16 | ERROR    | YouTubeLiveNotifier.YouTube              | YouTube API error 403: The authenticated user cannot act on behalf of the specified Google account.
2026-07-01 02:25:16 | WARNING  | YouTubeLiveNotifier                      | Error in check cycle: HTTPError: 403 Client Error: Forbidden for url: https://www.googleapis.com/youtube/v3/search?part=id%2Csnippet&channelId=UCrMGi1oYELKLGp5GgQajmWA&eventType=live&type=video&maxResults=1&key=AIzaSyA5QuFb5a8lg7H2o9JioqDG6fXTcial2TQ. Retrying in 5s …
2026-07-01 02:25:22 | ERROR    | YouTubeLiveNotifier.YouTube              | YouTube API error 403: The authenticated user cannot act on behalf of the specified Google account.
2026-07-01 02:25:22 | WARNING  | YouTubeLiveNotifier                      | Error in check cycle: HTTPError: 403 Client Error: Forbidden for url: https://www.googleapis.com/youtube/v3/search?part=id%2Csnippet&channelId=UCrMGi1oYELKLGp5GgQajmWA&eventType=live&type=video&maxResults=1&key=AIzaSyA5QuFb5a8lg7H2o9JioqDG6fXTcial2TQ. Retrying in 5s …
2026-07-01 02:25:27 | ERROR    | YouTubeLiveNotifier.YouTube              | YouTube API error 429: Quota exceeded for quota metric 'Search Queries' and limit 'Search Queries per day' of service 'youtube.googleapis.com' for consumer 'project_number:30789778189'.
2026-07-01 02:25:27 | WARNING  | YouTubeLiveNotifier                      | Error in check cycle: HTTPError: 429 Client Error: Too Many Requests for url: https://www.googleapis.com/youtube/v3/search?part=id%2Csnippet&channelId=UCrMGi1oYELKLGp5GgQajmWA&eventType=live&type=video&maxResults=1&key=AIzaSyA5QuFb5a8lg7H2o9JioqDG6fXTcial2TQ. Retrying in 5s …
2026-07-01 02:25:32 | ERROR    | YouTubeLiveNotifier.YouTube              | YouTube API error 403: The authenticated user cannot act on behalf of the specified Google account.
2026-07-01 02:25:32 | WARNING  | YouTubeLiveNotifier                      | Error in check cycle: HTTPError: 403 Client Error: Forbidden for url: https://www.googleapis.com/youtube/v3/search?part=id%2Csnippet&channelId=UCrMGi1oYELKLGp5GgQajmWA&eventType=live&type=video&maxResults=1&key=AIzaSyA5QuFb5a8lg7H2o9JioqDG6fXTcial2TQ. Retrying in 5s …
2026-07-01 02:25:37 | ERROR    | YouTubeLiveNotifier.YouTube              | YouTube API error 429: Quota exceeded for quota metric 'Search Queries' and limit 'Search Queries per day' of service 'youtube.googleapis.com' for consumer 'project_number:30789778189'.
2026-07-01 02:25:37 | WARNING  | YouTubeLiveNotifier                      | Error in check cycle: HTTPError: 429 Client Error: Too Many Requests for url: https://www.googleapis.com/youtube/v3/search?part=id%2Csnippet&channelId=UCrMGi1oYELKLGp5GgQajmWA&eventType=live&type=video&maxResults=1&key=AIzaSyA5QuFb5a8lg7H2o9JioqDG6fXTcial2TQ. Retrying in 5s …
2026-07-01 02:25:42 | ERROR    | YouTubeLiveNotifier.YouTube              | YouTube API error 429: Quota exceeded for quota metric 'Search Queries' and limit 'Search Queries per day' of service 'youtube.googleapis.com' for consumer 'project_number:30789778189'.
2026-07-01 02:25:42 | WARNING  | YouTubeLiveNotifier                      | Error in check cycle: HTTPError: 429 Client Error: Too Many Requests for url: https://www.googleapis.com/youtube/v3/search?part=id%2Csnippet&channelId=UCrMGi1oYELKLGp5GgQajmWA&eventType=live&type=video&maxResults=1&key=AIzaSyA5QuFb5a8lg7H2o9JioqDG6fXTcial2TQ. Retrying in 5s …
2026-07-01 02:25:47 | ERROR    | YouTubeLiveNotifier.YouTube              | YouTube API error 429: Quota exceeded for quota metric 'Search Queries' and limit 'Search Queries per day' of service 'youtube.googleapis.com' for consumer 'project_number:30789778189'.
2026-07-01 02:25:47 | WARNING  | YouTubeLiveNotifier                      | Error in check cycle: HTTPError: 429 Client Error: Too Many Requests for url: https://www.googleapis.com/youtube/v3/search?part=id%2Csnippet&channelId=UCrMGi1oYELKLGp5GgQajmWA&eventType=live&type=video&maxResults=1&key=AIzaSyA5QuFb5a8lg7H2o9JioqDG6fXTcial2TQ. Retrying in 5s …
2026-07-01 02:25:53 | ERROR    | YouTubeLiveNotifier.YouTube              | YouTube API error 429: Quota exceeded for quota metric 'Search Queries' and limit 'Search Queries per day' of service 'youtube.googleapis.com' for consumer 'project_number:30789778189'.
2026-07-01 02:25:53 | WARNING  | YouTubeLiveNotifier                      | Error in check cycle: HTTPError: 429 Client Error: Too Many Requests for url: https://www.googleapis.com/youtube/v3/search?part=id%2Csnippet&channelId=UCrMGi1oYELKLGp5GgQajmWA&eventType=live&type=video&maxResults=1&key=AIzaSyA5QuFb5a8lg7H2o9JioqDG6fXTcial2TQ. Retrying in 5s …
2026-07-01 02:25:58 | ERROR    | YouTubeLiveNotifier.YouTube              | YouTube API error 429: Quota exceeded for quota metric 'Search Queries' and limit 'Search Queries per day' of service 'youtube.googleapis.com' for consumer 'project_number:30789778189'.
2026-07-01 02:25:58 | WARNING  | YouTubeLiveNotifier                      | Error in check cycle: HTTPError: 429 Client Error: Too Many Requests for url: https://www.googleapis.com/youtube/v3/search?part=id%2Csnippet&channelId=UCrMGi1oYELKLGp5GgQajmWA&eventType=live&type=video&maxResults=1&key=AIzaSyA5QuFb5a8lg7H2o9JioqDG6fXTcial2TQ. Retrying in 5s …
2026-07-01 02:26:03 | ERROR    | YouTubeLiveNotifier.YouTube              | YouTube API error 429: Quota exceeded for quota metric 'Search Queries' and limit 'Search Queries per day' of service 'youtube.googleapis.com' for consumer 'project_number:30789778189'.
2026-07-01 02:26:03 | WARNING  | YouTubeLiveNotifier                      | Error in check cycle: HTTPError: 429 Client Error: Too Many Requests for url: https://www.googleapis.com/youtube/v3/search?part=id%2Csnippet&channelId=UCrMGi1oYELKLGp5GgQajmWA&eventType=live&type=video&maxResults=1&key=AIzaSyA5QuFb5a8lg7H2o9JioqDG6fXTcial2TQ. Retrying in 5s …
2026-07-01 02:26:08 | ERROR    | YouTubeLiveNotifier.YouTube              | YouTube API error 429: Quota exceeded for quota metric 'Search Queries' and limit 'Search Queries per day' of service 'youtube.googleapis.com' for consumer 'project_number:30789778189'.
2026-07-01 02:26:08 | WARNING  | YouTubeLiveNotifier                      | Error in check cycle: HTTPError: 429 Client Error: Too Many Requests for url: https://www.googleapis.com/youtube/v3/search?part=id%2Csnippet&channelId=UCrMGi1oYELKLGp5GgQajmWA&eventType=live&type=video&maxResults=1&key=AIzaSyA5QuFb5a8lg7H2o9JioqDG6fXTcial2TQ. Retrying in 5s …
2026-07-01 02:26:13 | ERROR    | YouTubeLiveNotifier.YouTube              | YouTube API error 429: Quota exceeded for quota metric 'Search Queries' and limit 'Search Queries per day' of service 'youtube.googleapis.com' for consumer 'project_number:30789778189'.
2026-07-01 02:26:13 | WARNING  | YouTubeLiveNotifier                      | Error in check cycle: HTTPError: 429 Client Error: Too Many Requests for url: https://www.googleapis.com/youtube/v3/search?part=id%2Csnippet&channelId=UCrMGi1oYELKLGp5GgQajmWA&eventType=live&type=video&maxResults=1&key=AIzaSyA5QuFb5a8lg7H2o9JioqDG6fXTcial2TQ. Retrying in 5s …
2026-07-01 02:26:18 | ERROR    | YouTubeLiveNotifier.YouTube              | YouTube API error 429: Quota exceeded for quota metric 'Search Queries' and limit 'Search Queries per day' of service 'youtube.googleapis.com' for consumer 'project_number:30789778189'.
2026-07-01 02:26:18 | WARNING  | YouTubeLiveNotifier                      | Error in check cycle: HTTPError: 429 Client Error: Too Many Requests for url: https://www.googleapis.com/youtube/v3/search?part=id%2Csnippet&channelId=UCrMGi1oYELKLGp5GgQajmWA&eventType=live&type=video&maxResults=1&key=AIzaSyA5QuFb5a8lg7H2o9JioqDG6fXTcial2TQ. Retrying in 5s …
2026-07-01 02:26:35 | ERROR    | YouTubeLiveNotifier.YouTube              | YouTube API error 429: Quota exceeded for quota metric 'Search Queries' and limit 'Search Queries per day' of service 'youtube.googleapis.com' for consumer 'project_number:30789778189'.
2026-07-01 02:26:35 | WARNING  | YouTubeLiveNotifier                      | Error in check cycle: HTTPError: 429 Client Error: Too Many Requests for url: https://www.googleapis.com/youtube/v3/search?part=id%2Csnippet&channelId=UCrMGi1oYELKLGp5GgQajmWA&eventType=live&type=video&maxResults=1&key=AIzaSyA5QuFb5a8lg7H2o9JioqDG6fXTcial2TQ. Retrying in 5s …
2026-07-01 02:26:40 | ERROR    | YouTubeLiveNotifier.YouTube              | YouTube API error 429: Quota exceeded for quota metric 'Search Queries' and limit 'Search Queries per day' of service 'youtube.googleapis.com' for consumer 'project_number:30789778189'.
2026-07-01 02:26:40 | WARNING  | YouTubeLiveNotifier                      | Error in check cycle: HTTPError: 429 Client Error: Too Many Requests for url: https://www.googleapis.com/youtube/v3/search?part=id%2Csnippet&channelId=UCrMGi1oYELKLGp5GgQajmWA&eventType=live&type=video&maxResults=1&key=AIzaSyA5QuFb5a8lg7H2o9JioqDG6fXTcial2TQ. Retrying in 5s …
2026-07-01 02:26:45 | ERROR    | YouTubeLiveNotifier.YouTube              | YouTube API error 429: Quota exceeded for quota metric 'Search Queries' and limit 'Search Queries per day' of service 'youtube.googleapis.com' for consumer 'project_number:30789778189'.
2026-07-01 02:26:45 | WARNING  | YouTubeLiveNotifier                      | Error in check cycle: HTTPError: 429 Client Error: Too Many Requests for url: https://www.googleapis.com/youtube/v3/search?part=id%2Csnippet&channelId=UCrMGi1oYELKLGp5GgQajmWA&eventType=live&type=video&maxResults=1&key=AIzaSyA5QuFb5a8lg7H2o9JioqDG6fXTcial2TQ. Retrying in 5s …
2026-07-01 02:26:50 | ERROR    | YouTubeLiveNotifier.YouTube              | YouTube API error 429: Quota exceeded for quota metric 'Search Queries' and limit 'Search Queries per day' of service 'youtube.googleapis.com' for consumer 'project_number:30789778189'.
2026-07-01 02:26:50 | WARNING  | YouTubeLiveNotifier                      | Error in check cycle: HTTPError: 429 Client Error: Too Many Requests for url: https://www.googleapis.com/youtube/v3/search?part=id%2Csnippet&channelId=UCrMGi1oYELKLGp5GgQajmWA&eventType=live&type=video&maxResults=1&key=AIzaSyA5QuFb5a8lg7H2o9JioqDG6fXTcial2TQ. Retrying in 5s …
2026-07-01 02:27:01 | ERROR    | YouTubeLiveNotifier.YouTube              | YouTube API error 429: Quota exceeded for quota metric 'Search Queries' and limit 'Search Queries per day' of service 'youtube.googleapis.com' for consumer 'project_number:30789778189'.
2026-07-01 02:27:01 | WARNING  | YouTubeLiveNotifier                      | Error in check cycle: HTTPError: 429 Client Error: Too Many Requests for url: https://www.googleapis.com/youtube/v3/search?part=id%2Csnippet&channelId=UCrMGi1oYELKLGp5GgQajmWA&eventType=live&type=video&maxResults=1&key=AIzaSyA5QuFb5a8lg7H2o9JioqDG6fXTcial2TQ. Retrying in 5s …
2026-07-01 02:27:11 | ERROR    | YouTubeLiveNotifier.YouTube              | YouTube API error 429: Quota exceeded for quota metric 'Search Queries' and limit 'Search Queries per day' of service 'youtube.googleapis.com' for consumer 'project_number:30789778189'.
2026-07-01 02:27:11 | WARNING  | YouTubeLiveNotifier                      | Error in check cycle: HTTPError: 429 Client Error: Too Many Requests for url: https://www.googleapis.com/youtube/v3/search?part=id%2Csnippet&channelId=UCrMGi1oYELKLGp5GgQajmWA&eventType=live&type=video&maxResults=1&key=AIzaSyA5QuFb5a8lg7H2o9JioqDG6fXTcial2TQ. Retrying in 5s …
2026-07-01 02:27:17 | ERROR    | YouTubeLiveNotifier.YouTube              | YouTube API error 429: Quota exceeded for quota metric 'Search Queries' and limit 'Search Queries per day' of service 'youtube.googleapis.com' for consumer 'project_number:30789778189'.
2026-07-01 02:27:17 | WARNING  | YouTubeLiveNotifier                      | Error in check cycle: HTTPError: 429 Client Error: Too Many Requests for url: https://www.googleapis.com/youtube/v3/search?part=id%2Csnippet&channelId=UCrMGi1oYELKLGp5GgQajmWA&eventType=live&type=video&maxResults=1&key=AIzaSyA5QuFb5a8lg7H2o9JioqDG6fXTcial2TQ. Retrying in 5s …
2026-07-01 02:27:27 | ERROR    | YouTubeLiveNotifier.YouTube              | YouTube API error 429: Quota exceeded for quota metric 'Search Queries' and limit 'Search Queries per day' of service 'youtube.googleapis.com' for consumer 'project_number:30789778189'.
2026-07-01 02:27:27 | WARNING  | YouTubeLiveNotifier                      | Error in check cycle: HTTPError: 429 Client Error: Too Many Requests for url: https://www.googleapis.com/youtube/v3/search?part=id%2Csnippet&channelId=UCrMGi1oYELKLGp5GgQajmWA&eventType=live&type=video&maxResults=1&key=AIzaSyA5QuFb5a8lg7H2o9JioqDG6fXTcial2TQ. Retrying in 5s …
2026-07-01 02:27:32 | ERROR    | YouTubeLiveNotifier.YouTube              | YouTube API error 429: Quota exceeded for quota metric 'Search Queries' and limit 'Search Queries per day' of service 'youtube.googleapis.com' for consumer 'project_number:30789778189'.
2026-07-01 02:27:32 | WARNING  | YouTubeLiveNotifier                      | Error in check cycle: HTTPError: 429 Client Error: Too Many Requests for url: https://www.googleapis.com/youtube/v3/search?part=id%2Csnippet&channelId=UCrMGi1oYELKLGp5GgQajmWA&eventType=live&type=video&maxResults=1&key=AIzaSyA5QuFb5a8lg7H2o9JioqDG6fXTcial2TQ. Retrying in 5s …
2026-07-01 02:27:37 | ERROR    | YouTubeLiveNotifier.YouTube              | YouTube API error 429: Quota exceeded for quota metric 'Search Queries' and limit 'Search Queries per day' of service 'youtube.googleapis.com' for consumer 'project_number:30789778189'.
2026-07-01 02:27:37 | WARNING  | YouTubeLiveNotifier                      | Error in check cycle: HTTPError: 429 Client Error: Too Many Requests for url: https://www.googleapis.com/youtube/v3/search?part=id%2Csnippet&channelId=UCrMGi1oYELKLGp5GgQajmWA&eventType=live&type=video&maxResults=1&key=AIzaSyA5QuFb5a8lg7H2o9JioqDG6fXTcial2TQ. Retrying in 5s …
2026-07-01 02:27:43 | ERROR    | YouTubeLiveNotifier.YouTube              | YouTube API error 429: Quota exceeded for quota metric 'Search Queries' and limit 'Search Queries per day' of service 'youtube.googleapis.com' for consumer 'project_number:30789778189'.
2026-07-01 02:27:43 | WARNING  | YouTubeLiveNotifier                      | Error in check cycle: HTTPError: 429 Client Error: Too Many Requests for url: https://www.googleapis.com/youtube/v3/search?part=id%2Csnippet&channelId=UCrMGi1oYELKLGp5GgQajmWA&eventType=live&type=video&maxResults=1&key=AIzaSyA5QuFb5a8lg7H2o9JioqDG6fXTcial2TQ. Retrying in 5s …
2026-07-01 02:27:48 | ERROR    | YouTubeLiveNotifier.YouTube              | YouTube API error 429: Quota exceeded for quota metric 'Search Queries' and limit 'Search Queries per day' of service 'youtube.googleapis.com' for consumer 'project_number:30789778189'.
2026-07-01 02:27:48 | WARNING  | YouTubeLiveNotifier                      | Error in check cycle: HTTPError: 429 Client Error: Too Many Requests for url: https://www.googleapis.com/youtube/v3/search?part=id%2Csnippet&channelId=UCrMGi1oYELKLGp5GgQajmWA&eventType=live&type=video&maxResults=1&key=AIzaSyA5QuFb5a8lg7H2o9JioqDG6fXTcial2TQ. Retrying in 5s …
2026-07-01 02:27:53 | ERROR    | YouTubeLiveNotifier.YouTube              | YouTube API error 429: Quota exceeded for quota metric 'Search Queries' and limit 'Search Queries per day' of service 'youtube.googleapis.com' for consumer 'project_number:30789778189'.
2026-07-01 02:27:53 | WARNING  | YouTubeLiveNotifier                      | Error in check cycle: HTTPError: 429 Client Error: Too Many Requests for url: https://www.googleapis.com/youtube/v3/search?part=id%2Csnippet&channelId=UCrMGi1oYELKLGp5GgQajmWA&eventType=live&type=video&maxResults=1&key=AIzaSyA5QuFb5a8lg7H2o9JioqDG6fXTcial2TQ. Retrying in 5s …
2026-07-01 02:27:58 | ERROR    | YouTubeLiveNotifier.YouTube              | YouTube API error 429: Quota exceeded for quota metric 'Search Queries' and limit 'Search Queries per day' of service 'youtube.googleapis.com' for consumer 'project_number:30789778189'.
2026-07-01 02:27:58 | WARNING  | YouTubeLiveNotifier                      | Error in check cycle: HTTPError: 429 Client Error: Too Many Requests for url: https://www.googleapis.com/youtube/v3/search?part=id%2Csnippet&channelId=UCrMGi1oYELKLGp5GgQajmWA&eventType=live&type=video&maxResults=1&key=AIzaSyA5QuFb5a8lg7H2o9JioqDG6fXTcial2TQ. Retrying in 5s …
2026-07-01 02:28:03 | ERROR    | YouTubeLiveNotifier.YouTube              | YouTube API error 429: Quota exceeded for quota metric 'Search Queries' and limit 'Search Queries per day' of service 'youtube.googleapis.com' for consumer 'project_number:30789778189'.
2026-07-01 02:28:03 | WARNING  | YouTubeLiveNotifier                      | Error in check cycle: HTTPError: 429 Client Error: Too Many Requests for url: https://www.googleapis.com/youtube/v3/search?part=id%2Csnippet&channelId=UCrMGi1oYELKLGp5GgQajmWA&eventType=live&type=video&maxResults=1&key=AIzaSyA5QuFb5a8lg7H2o9JioqDG6fXTcial2TQ. Retrying in 5s …
2026-07-01 02:28:14 | ERROR    | YouTubeLiveNotifier.YouTube              | YouTube API error 429: Quota exceeded for quota metric 'Search Queries' and limit 'Search Queries per day' of service 'youtube.googleapis.com' for consumer 'project_number:30789778189'.
2026-07-01 02:28:14 | WARNING  | YouTubeLiveNotifier                      | Error in check cycle: HTTPError: 429 Client Error: Too Many Requests for url: https://www.googleapis.com/youtube/v3/search?part=id%2Csnippet&channelId=UCrMGi1oYELKLGp5GgQajmWA&eventType=live&type=video&maxResults=1&key=AIzaSyA5QuFb5a8lg7H2o9JioqDG6fXTcial2TQ. Retrying in 5s …
2026-07-01 02:28:19 | ERROR    | YouTubeLiveNotifier.YouTube              | YouTube API error 429: Quota exceeded for quota metric 'Search Queries' and limit 'Search Queries per day' of service 'youtube.googleapis.com' for consumer 'project_number:30789778189'.
2026-07-01 02:28:19 | WARNING  | YouTubeLiveNotifier                      | Error in check cycle: HTTPError: 429 Client Error: Too Many Requests for url: https://www.googleapis.com/youtube/v3/search?part=id%2Csnippet&channelId=UCrMGi1oYELKLGp5GgQajmWA&eventType=live&type=video&maxResults=1&key=AIzaSyA5QuFb5a8lg7H2o9JioqDG6fXTcial2TQ. Retrying in 5s …
2026-07-01 02:28:24 | ERROR    | YouTubeLiveNotifier.YouTube              | YouTube API error 429: Quota exceeded for quota metric 'Search Queries' and limit 'Search Queries per day' of service 'youtube.googleapis.com' for consumer 'project_number:30789778189'.
2026-07-01 02:28:24 | WARNING  | YouTubeLiveNotifier                      | Error in check cycle: HTTPError: 429 Client Error: Too Many Requests for url: https://www.googleapis.com/youtube/v3/search?part=id%2Csnippet&channelId=UCrMGi1oYELKLGp5GgQajmWA&eventType=live&type=video&maxResults=1&key=AIzaSyA5QuFb5a8lg7H2o9JioqDG6fXTcial2TQ. Retrying in 5s …
2026-07-01 02:28:30 | ERROR    | YouTubeLiveNotifier.YouTube              | YouTube API error 429: Quota exceeded for quota metric 'Search Queries' and limit 'Search Queries per day' of service 'youtube.googleapis.com' for consumer 'project_number:30789778189'.
2026-07-01 02:28:30 | WARNING  | YouTubeLiveNotifier                      | Error in check cycle: HTTPError: 429 Client Error: Too Many Requests for url: https://www.googleapis.com/youtube/v3/search?part=id%2Csnippet&channelId=UCrMGi1oYELKLGp5GgQajmWA&eventType=live&type=video&maxResults=1&key=AIzaSyA5QuFb5a8lg7H2o9JioqDG6fXTcial2TQ. Retrying in 5s …
2026-07-01 02:28:35 | ERROR    | YouTubeLiveNotifier.YouTube              | YouTube API error 429: Quota exceeded for quota metric 'Search Queries' and limit 'Search Queries per day' of service 'youtube.googleapis.com' for consumer 'project_number:30789778189'.
2026-07-01 02:28:35 | WARNING  | YouTubeLiveNotifier                      | Error in check cycle: HTTPError: 429 Client Error: Too Many Requests for url: https://www.googleapis.com/youtube/v3/search?part=id%2Csnippet&channelId=UCrMGi1oYELKLGp5GgQajmWA&eventType=live&type=video&maxResults=1&key=AIzaSyA5QuFb5a8lg7H2o9JioqDG6fXTcial2TQ. Retrying in 5s …
2026-07-01 02:28:40 | ERROR    | YouTubeLiveNotifier.YouTube              | YouTube API error 429: Quota exceeded for quota metric 'Search Queries' and limit 'Search Queries per day' of service 'youtube.googleapis.com' for consumer 'project_number:30789778189'.
2026-07-01 02:28:40 | WARNING  | YouTubeLiveNotifier                      | Error in check cycle: HTTPError: 429 Client Error: Too Many Requests for url: https://www.googleapis.com/youtube/v3/search?part=id%2Csnippet&channelId=UCrMGi1oYELKLGp5GgQajmWA&eventType=live&type=video&maxResults=1&key=AIzaSyA5QuFb5a8lg7H2o9JioqDG6fXTcial2TQ. Retrying in 5s …
2026-07-01 02:28:45 | ERROR    | YouTubeLiveNotifier.YouTube              | YouTube API error 429: Quota exceeded for quota metric 'Search Queries' and limit 'Search Queries per day' of service 'youtube.googleapis.com' for consumer 'project_number:30789778189'.
2026-07-01 02:28:45 | WARNING  | YouTubeLiveNotifier                      | Error in check cycle: HTTPError: 429 Client Error: Too Many Requests for url: https://www.googleapis.com/youtube/v3/search?part=id%2Csnippet&channelId=UCrMGi1oYELKLGp5GgQajmWA&eventType=live&type=video&maxResults=1&key=AIzaSyA5QuFb5a8lg7H2o9JioqDG6fXTcial2TQ. Retrying in 5s …
2026-07-01 02:28:50 | ERROR    | YouTubeLiveNotifier.YouTube              | YouTube API error 429: Quota exceeded for quota metric 'Search Queries' and limit 'Search Queries per day' of service 'youtube.googleapis.com' for consumer 'project_number:30789778189'.
2026-07-01 02:28:50 | WARNING  | YouTubeLiveNotifier                      | Error in check cycle: HTTPError: 429 Client Error: Too Many Requests for url: https://www.googleapis.com/youtube/v3/search?part=id%2Csnippet&channelId=UCrMGi1oYELKLGp5GgQajmWA&eventType=live&type=video&maxResults=1&key=AIzaSyA5QuFb5a8lg7H2o9JioqDG6fXTcial2TQ. Retrying in 5s …
2026-07-01 02:28:55 | ERROR    | YouTubeLiveNotifier.YouTube              | YouTube API error 429: Quota exceeded for quota metric 'Search Queries' and limit 'Search Queries per day' of service 'youtube.googleapis.com' for consumer 'project_number:30789778189'.
2026-07-01 02:28:55 | WARNING  | YouTubeLiveNotifier                      | Error in check cycle: HTTPError: 429 Client Error: Too Many Requests for url: https://www.googleapis.com/youtube/v3/search?part=id%2Csnippet&channelId=UCrMGi1oYELKLGp5GgQajmWA&eventType=live&type=video&maxResults=1&key=AIzaSyA5QuFb5a8lg7H2o9JioqDG6fXTcial2TQ. Retrying in 5s …
2026-07-01 02:29:01 | ERROR    | YouTubeLiveNotifier.YouTube              | YouTube API error 429: Quota exceeded for quota metric 'Search Queries' and limit 'Search Queries per day' of service 'youtube.googleapis.com' for consumer 'project_number:30789778189'.
2026-07-01 02:29:01 | WARNING  | YouTubeLiveNotifier                      | Error in check cycle: HTTPError: 429 Client Error: Too Many Requests for url: https://www.googleapis.com/youtube/v3/search?part=id%2Csnippet&channelId=UCrMGi1oYELKLGp5GgQajmWA&eventType=live&type=video&maxResults=1&key=AIzaSyA5QuFb5a8lg7H2o9JioqDG6fXTcial2TQ. Retrying in 5s …
2026-07-01 02:29:06 | ERROR    | YouTubeLiveNotifier.YouTube              | YouTube API error 429: Quota exceeded for quota metric 'Search Queries' and limit 'Search Queries per day' of service 'youtube.googleapis.com' for consumer 'project_number:30789778189'.
2026-07-01 02:29:06 | WARNING  | YouTubeLiveNotifier                      | Error in check cycle: HTTPError: 429 Client Error: Too Many Requests for url: https://www.googleapis.com/youtube/v3/search?part=id%2Csnippet&channelId=UCrMGi1oYELKLGp5GgQajmWA&eventType=live&type=video&maxResults=1&key=AIzaSyA5QuFb5a8lg7H2o9JioqDG6fXTcial2TQ. Retrying in 5s …
2026-07-01 02:29:16 | ERROR    | YouTubeLiveNotifier.YouTube              | YouTube API error 429: Quota exceeded for quota metric 'Search Queries' and limit 'Search Queries per day' of service 'youtube.googleapis.com' for consumer 'project_number:30789778189'.
2026-07-01 02:29:16 | WARNING  | YouTubeLiveNotifier                      | Error in check cycle: HTTPError: 429 Client Error: Too Many Requests for url: https://www.googleapis.com/youtube/v3/search?part=id%2Csnippet&channelId=UCrMGi1oYELKLGp5GgQajmWA&eventType=live&type=video&maxResults=1&key=AIzaSyA5QuFb5a8lg7H2o9JioqDG6fXTcial2TQ. Retrying in 5s …
2026-07-01 02:29:27 | ERROR    | YouTubeLiveNotifier.YouTube              | YouTube API error 429: Quota exceeded for quota metric 'Search Queries' and limit 'Search Queries per day' of service 'youtube.googleapis.com' for consumer 'project_number:30789778189'.
2026-07-01 02:29:27 | WARNING  | YouTubeLiveNotifier                      | Error in check cycle: HTTPError: 429 Client Error: Too Many Requests for url: https://www.googleapis.com/youtube/v3/search?part=id%2Csnippet&channelId=UCrMGi1oYELKLGp5GgQajmWA&eventType=live&type=video&maxResults=1&key=AIzaSyA5QuFb5a8lg7H2o9JioqDG6fXTcial2TQ. Retrying in 5s …
2026-07-01 02:29:32 | ERROR    | YouTubeLiveNotifier.YouTube              | YouTube API error 429: Quota exceeded for quota metric 'Search Queries' and limit 'Search Queries per day' of service 'youtube.googleapis.com' for consumer 'project_number:30789778189'.
2026-07-01 02:29:32 | WARNING  | YouTubeLiveNotifier                      | Error in check cycle: HTTPError: 429 Client Error: Too Many Requests for url: https://www.googleapis.com/youtube/v3/search?part=id%2Csnippet&channelId=UCrMGi1oYELKLGp5GgQajmWA&eventType=live&type=video&maxResults=1&key=AIzaSyA5QuFb5a8lg7H2o9JioqDG6fXTcial2TQ. Retrying in 5s …
2026-07-01 02:29:37 | ERROR    | YouTubeLiveNotifier.YouTube              | YouTube API error 429: Quota exceeded for quota metric 'Search Queries' and limit 'Search Queries per day' of service 'youtube.googleapis.com' for consumer 'project_number:30789778189'.
2026-07-01 02:29:37 | WARNING  | YouTubeLiveNotifier                      | Error in check cycle: HTTPError: 429 Client Error: Too Many Requests for url: https://www.googleapis.com/youtube/v3/search?part=id%2Csnippet&channelId=UCrMGi1oYELKLGp5GgQajmWA&eventType=live&type=video&maxResults=1&key=AIzaSyA5QuFb5a8lg7H2o9JioqDG6fXTcial2TQ. Retrying in 5s …
2026-07-01 02:29:43 | ERROR    | YouTubeLiveNotifier.YouTube              | YouTube API error 429: Quota exceeded for quota metric 'Search Queries' and limit 'Search Queries per day' of service 'youtube.googleapis.com' for consumer 'project_number:30789778189'.
2026-07-01 02:29:43 | WARNING  | YouTubeLiveNotifier                      | Error in check cycle: HTTPError: 429 Client Error: Too Many Requests for url: https://www.googleapis.com/youtube/v3/search?part=id%2Csnippet&channelId=UCrMGi1oYELKLGp5GgQajmWA&eventType=live&type=video&maxResults=1&key=AIzaSyA5QuFb5a8lg7H2o9JioqDG6fXTcial2TQ. Retrying in 5s …
2026-07-01 02:29:48 | ERROR    | YouTubeLiveNotifier.YouTube              | YouTube API error 429: Quota exceeded for quota metric 'Search Queries' and limit 'Search Queries per day' of service 'youtube.googleapis.com' for consumer 'project_number:30789778189'.
2026-07-01 02:29:48 | WARNING  | YouTubeLiveNotifier                      | Error in check cycle: HTTPError: 429 Client Error: Too Many Requests for url: https://www.googleapis.com/youtube/v3/search?part=id%2Csnippet&channelId=UCrMGi1oYELKLGp5GgQajmWA&eventType=live&type=video&maxResults=1&key=AIzaSyA5QuFb5a8lg7H2o9JioqDG6fXTcial2TQ. Retrying in 5s …
2026-07-01 02:29:53 | ERROR    | YouTubeLiveNotifier.YouTube              | YouTube API error 429: Quota exceeded for quota metric 'Search Queries' and limit 'Search Queries per day' of service 'youtube.googleapis.com' for consumer 'project_number:30789778189'.
2026-07-01 02:29:53 | WARNING  | YouTubeLiveNotifier                      | Error in check cycle: HTTPError: 429 Client Error: Too Many Requests for url: https://www.googleapis.com/youtube/v3/search?part=id%2Csnippet&channelId=UCrMGi1oYELKLGp5GgQajmWA&eventType=live&type=video&maxResults=1&key=AIzaSyA5QuFb5a8lg7H2o9JioqDG6fXTcial2TQ. Retrying in 5s …
2026-07-01 02:29:58 | ERROR    | YouTubeLiveNotifier.YouTube              | YouTube API error 429: Quota exceeded for quota metric 'Search Queries' and limit 'Search Queries per day' of service 'youtube.googleapis.com' for consumer 'project_number:30789778189'.
2026-07-01 02:29:58 | WARNING  | YouTubeLiveNotifier                      | Error in check cycle: HTTPError: 429 Client Error: Too Many Requests for url: https://www.googleapis.com/youtube/v3/search?part=id%2Csnippet&channelId=UCrMGi1oYELKLGp5GgQajmWA&eventType=live&type=video&maxResults=1&key=AIzaSyA5QuFb5a8lg7H2o9JioqDG6fXTcial2TQ. Retrying in 5s …
2026-07-01 02:30:09 | ERROR    | YouTubeLiveNotifier.YouTube              | YouTube API error 429: Quota exceeded for quota metric 'Search Queries' and limit 'Search Queries per day' of service 'youtube.googleapis.com' for consumer 'project_number:30789778189'.
2026-07-01 02:30:09 | WARNING  | YouTubeLiveNotifier                      | Error in check cycle: HTTPError: 429 Client Error: Too Many Requests for url: https://www.googleapis.com/youtube/v3/search?part=id%2Csnippet&channelId=UCrMGi1oYELKLGp5GgQajmWA&eventType=live&type=video&maxResults=1&key=AIzaSyA5QuFb5a8lg7H2o9JioqDG6fXTcial2TQ. Retrying in 5s …
2026-07-01 02:30:14 | ERROR    | YouTubeLiveNotifier.YouTube              | YouTube API error 429: Quota exceeded for quota metric 'Search Queries' and limit 'Search Queries per day' of service 'youtube.googleapis.com' for consumer 'project_number:30789778189'.
2026-07-01 02:30:14 | WARNING  | YouTubeLiveNotifier                      | Error in check cycle: HTTPError: 429 Client Error: Too Many Requests for url: https://www.googleapis.com/youtube/v3/search?part=id%2Csnippet&channelId=UCrMGi1oYELKLGp5GgQajmWA&eventType=live&type=video&maxResults=1&key=AIzaSyA5QuFb5a8lg7H2o9JioqDG6fXTcial2TQ. Retrying in 5s …
2026-07-01 02:30:19 | ERROR    | YouTubeLiveNotifier.YouTube              | YouTube API error 429: Quota exceeded for quota metric 'Search Queries' and limit 'Search Queries per day' of service 'youtube.googleapis.com' for consumer 'project_number:30789778189'.
2026-07-01 02:30:19 | WARNING  | YouTubeLiveNotifier                      | Error in check cycle: HTTPError: 429 Client Error: Too Many Requests for url: https://www.googleapis.com/youtube/v3/search?part=id%2Csnippet&channelId=UCrMGi1oYELKLGp5GgQajmWA&eventType=live&type=video&maxResults=1&key=AIzaSyA5QuFb5a8lg7H2o9JioqDG6fXTcial2TQ. Retrying in 5s …
2026-07-01 02:30:24 | ERROR    | YouTubeLiveNotifier.YouTube              | YouTube API error 429: Quota exceeded for quota metric 'Search Queries' and limit 'Search Queries per day' of service 'youtube.googleapis.com' for consumer 'project_number:30789778189'.
2026-07-01 02:30:24 | WARNING  | YouTubeLiveNotifier                      | Error in check cycle: HTTPError: 429 Client Error: Too Many Requests for url: https://www.googleapis.com/youtube/v3/search?part=id%2Csnippet&channelId=UCrMGi1oYELKLGp5GgQajmWA&eventType=live&type=video&maxResults=1&key=AIzaSyA5QuFb5a8lg7H2o9JioqDG6fXTcial2TQ. Retrying in 5s …
2026-07-01 02:30:29 | ERROR    | YouTubeLiveNotifier.YouTube              | YouTube API error 429: Quota exceeded for quota metric 'Search Queries' and limit 'Search Queries per day' of service 'youtube.googleapis.com' for consumer 'project_number:30789778189'.
2026-07-01 02:30:29 | WARNING  | YouTubeLiveNotifier                      | Error in check cycle: HTTPError: 429 Client Error: Too Many Requests for url: https://www.googleapis.com/youtube/v3/search?part=id%2Csnippet&channelId=UCrMGi1oYELKLGp5GgQajmWA&eventType=live&type=video&maxResults=1&key=AIzaSyA5QuFb5a8lg7H2o9JioqDG6fXTcial2TQ. Retrying in 5s …
2026-07-01 02:30:34 | ERROR    | YouTubeLiveNotifier.YouTube              | YouTube API error 429: Quota exceeded for quota metric 'Search Queries' and limit 'Search Queries per day' of service 'youtube.googleapis.com' for consumer 'project_number:30789778189'.
2026-07-01 02:30:34 | WARNING  | YouTubeLiveNotifier                      | Error in check cycle: HTTPError: 429 Client Error: Too Many Requests for url: https://www.googleapis.com/youtube/v3/search?part=id%2Csnippet&channelId=UCrMGi1oYELKLGp5GgQajmWA&eventType=live&type=video&maxResults=1&key=AIzaSyA5QuFb5a8lg7H2o9JioqDG6fXTcial2TQ. Retrying in 5s …
2026-07-01 02:30:40 | ERROR    | YouTubeLiveNotifier.YouTube              | YouTube API error 429: Quota exceeded for quota metric 'Search Queries' and limit 'Search Queries per day' of service 'youtube.googleapis.com' for consumer 'project_number:30789778189'.
2026-07-01 02:30:40 | WARNING  | YouTubeLiveNotifier                      | Error in check cycle: HTTPError: 429 Client Error: Too Many Requests for url: https://www.googleapis.com/youtube/v3/search?part=id%2Csnippet&channelId=UCrMGi1oYELKLGp5GgQajmWA&eventType=live&type=video&maxResults=1&key=AIzaSyA5QuFb5a8lg7H2o9JioqDG6fXTcial2TQ. Retrying in 5s …
2026-07-01 02:30:45 | ERROR    | YouTubeLiveNotifier.YouTube              | YouTube API error 429: Quota exceeded for quota metric 'Search Queries' and limit 'Search Queries per day' of service 'youtube.googleapis.com' for consumer 'project_number:30789778189'.
2026-07-01 02:30:45 | WARNING  | YouTubeLiveNotifier                      | Error in check cycle: HTTPError: 429 Client Error: Too Many Requests for url: https://www.googleapis.com/youtube/v3/search?part=id%2Csnippet&channelId=UCrMGi1oYELKLGp5GgQajmWA&eventType=live&type=video&maxResults=1&key=AIzaSyA5QuFb5a8lg7H2o9JioqDG6fXTcial2TQ. Retrying in 5s …
2026-07-01 02:30:50 | ERROR    | YouTubeLiveNotifier.YouTube              | YouTube API error 429: Quota exceeded for quota metric 'Search Queries' and limit 'Search Queries per day' of service 'youtube.googleapis.com' for consumer 'project_number:30789778189'.
2026-07-01 02:30:50 | WARNING  | YouTubeLiveNotifier                      | Error in check cycle: HTTPError: 429 Client Error: Too Many Requests for url: https://www.googleapis.com/youtube/v3/search?part=id%2Csnippet&channelId=UCrMGi1oYELKLGp5GgQajmWA&eventType=live&type=video&maxResults=1&key=AIzaSyA5QuFb5a8lg7H2o9JioqDG6fXTcial2TQ. Retrying in 5s …
2026-07-01 02:30:55 | ERROR    | YouTubeLiveNotifier.YouTube              | YouTube API error 429: Quota exceeded for quota metric 'Search Queries' and limit 'Search Queries per day' of service 'youtube.googleapis.com' for consumer 'project_number:30789778189'.
2026-07-01 02:30:55 | WARNING  | YouTubeLiveNotifier                      | Error in check cycle: HTTPError: 429 Client Error: Too Many Requests for url: https://www.googleapis.com/youtube/v3/search?part=id%2Csnippet&channelId=UCrMGi1oYELKLGp5GgQajmWA&eventType=live&type=video&maxResults=1&key=AIzaSyA5QuFb5a8lg7H2o9JioqDG6fXTcial2TQ. Retrying in 5s …
2026-07-01 02:31:00 | ERROR    | YouTubeLiveNotifier.YouTube              | YouTube API error 429: Quota exceeded for quota metric 'Search Queries' and limit 'Search Queries per day' of service 'youtube.googleapis.com' for consumer 'project_number:30789778189'.
2026-07-01 02:31:00 | WARNING  | YouTubeLiveNotifier                      | Error in check cycle: HTTPError: 429 Client Error: Too Many Requests for url: https://www.googleapis.com/youtube/v3/search?part=id%2Csnippet&channelId=UCrMGi1oYELKLGp5GgQajmWA&eventType=live&type=video&maxResults=1&key=AIzaSyA5QuFb5a8lg7H2o9JioqDG6fXTcial2TQ. Retrying in 5s …
2026-07-01 02:31:05 | ERROR    | YouTubeLiveNotifier.YouTube              | YouTube API error 429: Quota exceeded for quota metric 'Search Queries' and limit 'Search Queries per day' of service 'youtube.googleapis.com' for consumer 'project_number:30789778189'.
2026-07-01 02:31:05 | WARNING  | YouTubeLiveNotifier                      | Error in check cycle: HTTPError: 429 Client Error: Too Many Requests for url: https://www.googleapis.com/youtube/v3/search?part=id%2Csnippet&channelId=UCrMGi1oYELKLGp5GgQajmWA&eventType=live&type=video&maxResults=1&key=AIzaSyA5QuFb5a8lg7H2o9JioqDG6fXTcial2TQ. Retrying in 5s …
2026-07-01 02:31:16 | ERROR    | YouTubeLiveNotifier.YouTube              | YouTube API error 429: Quota exceeded for quota metric 'Search Queries' and limit 'Search Queries per day' of service 'youtube.googleapis.com' for consumer 'project_number:30789778189'.
2026-07-01 02:31:16 | WARNING  | YouTubeLiveNotifier                      | Error in check cycle: HTTPError: 429 Client Error: Too Many Requests for url: https://www.googleapis.com/youtube/v3/search?part=id%2Csnippet&channelId=UCrMGi1oYELKLGp5GgQajmWA&eventType=live&type=video&maxResults=1&key=AIzaSyA5QuFb5a8lg7H2o9JioqDG6fXTcial2TQ. Retrying in 5s …
2026-07-01 02:31:21 | ERROR    | YouTubeLiveNotifier.YouTube              | YouTube API error 429: Quota exceeded for quota metric 'Search Queries' and limit 'Search Queries per day' of service 'youtube.googleapis.com' for consumer 'project_number:30789778189'.
2026-07-01 02:31:21 | WARNING  | YouTubeLiveNotifier                      | Error in check cycle: HTTPError: 429 Client Error: Too Many Requests for url: https://www.googleapis.com/youtube/v3/search?part=id%2Csnippet&channelId=UCrMGi1oYELKLGp5GgQajmWA&eventType=live&type=video&maxResults=1&key=AIzaSyA5QuFb5a8lg7H2o9JioqDG6fXTcial2TQ. Retrying in 5s …
2026-07-01 02:31:26 | ERROR    | YouTubeLiveNotifier.YouTube              | YouTube API error 429: Quota exceeded for quota metric 'Search Queries' and limit 'Search Queries per day' of service 'youtube.googleapis.com' for consumer 'project_number:30789778189'.
2026-07-01 02:31:26 | WARNING  | YouTubeLiveNotifier                      | Error in check cycle: HTTPError: 429 Client Error: Too Many Requests for url: https://www.googleapis.com/youtube/v3/search?part=id%2Csnippet&channelId=UCrMGi1oYELKLGp5GgQajmWA&eventType=live&type=video&maxResults=1&key=AIzaSyA5QuFb5a8lg7H2o9JioqDG6fXTcial2TQ. Retrying in 5s …
2026-07-01 02:31:31 | ERROR    | YouTubeLiveNotifier.YouTube              | YouTube API error 429: Quota exceeded for quota metric 'Search Queries' and limit 'Search Queries per day' of service 'youtube.googleapis.com' for consumer 'project_number:30789778189'.
2026-07-01 02:31:31 | WARNING  | YouTubeLiveNotifier                      | Error in check cycle: HTTPError: 429 Client Error: Too Many Requests for url: https://www.googleapis.com/youtube/v3/search?part=id%2Csnippet&channelId=UCrMGi1oYELKLGp5GgQajmWA&eventType=live&type=video&maxResults=1&key=AIzaSyA5QuFb5a8lg7H2o9JioqDG6fXTcial2TQ. Retrying in 5s …
2026-07-01 02:31:37 | ERROR    | YouTubeLiveNotifier.YouTube              | YouTube API error 403: The authenticated user cannot act on behalf of the specified Google account.
2026-07-01 02:31:37 | WARNING  | YouTubeLiveNotifier                      | Error in check cycle: HTTPError: 403 Client Error: Forbidden for url: https://www.googleapis.com/youtube/v3/search?part=id%2Csnippet&channelId=UCrMGi1oYELKLGp5GgQajmWA&eventType=live&type=video&maxResults=1&key=AIzaSyA5QuFb5a8lg7H2o9JioqDG6fXTcial2TQ. Retrying in 5s …
2026-07-01 02:31:42 | ERROR    | YouTubeLiveNotifier.YouTube              | YouTube API error 429: Quota exceeded for quota metric 'Search Queries' and limit 'Search Queries per day' of service 'youtube.googleapis.com' for consumer 'project_number:30789778189'.
2026-07-01 02:31:42 | WARNING  | YouTubeLiveNotifier                      | Error in check cycle: HTTPError: 429 Client Error: Too Many Requests for url: https://www.googleapis.com/youtube/v3/search?part=id%2Csnippet&channelId=UCrMGi1oYELKLGp5GgQajmWA&eventType=live&type=video&maxResults=1&key=AIzaSyA5QuFb5a8lg7H2o9JioqDG6fXTcial2TQ. Retrying in 5s …
2026-07-01 02:31:47 | ERROR    | YouTubeLiveNotifier.YouTube              | YouTube API error 429: Quota exceeded for quota metric 'Search Queries' and limit 'Search Queries per day' of service 'youtube.googleapis.com' for consumer 'project_number:30789778189'.
2026-07-01 02:31:47 | WARNING  | YouTubeLiveNotifier                      | Error in check cycle: HTTPError: 429 Client Error: Too Many Requests for url: https://www.googleapis.com/youtube/v3/search?part=id%2Csnippet&channelId=UCrMGi1oYELKLGp5GgQajmWA&eventType=live&type=video&maxResults=1&key=AIzaSyA5QuFb5a8lg7H2o9JioqDG6fXTcial2TQ. Retrying in 5s …
2026-07-01 02:31:52 | ERROR    | YouTubeLiveNotifier.YouTube              | YouTube API error 403: The authenticated user cannot act on behalf of the specified Google account.
2026-07-01 02:31:52 | WARNING  | YouTubeLiveNotifier                      | Error in check cycle: HTTPError: 403 Client Error: Forbidden for url: https://www.googleapis.com/youtube/v3/search?part=id%2Csnippet&channelId=UCrMGi1oYELKLGp5GgQajmWA&eventType=live&type=video&maxResults=1&key=AIzaSyA5QuFb5a8lg7H2o9JioqDG6fXTcial2TQ. Retrying in 5s …
2026-07-01 02:31:57 | ERROR    | YouTubeLiveNotifier.YouTube              | YouTube API error 429: Quota exceeded for quota metric 'Search Queries' and limit 'Search Queries per day' of service 'youtube.googleapis.com' for consumer 'project_number:30789778189'.
2026-07-01 02:31:57 | WARNING  | YouTubeLiveNotifier                      | Error in check cycle: HTTPError: 429 Client Error: Too Many Requests for url: https://www.googleapis.com/youtube/v3/search?part=id%2Csnippet&channelId=UCrMGi1oYELKLGp5GgQajmWA&eventType=live&type=video&maxResults=1&key=AIzaSyA5QuFb5a8lg7H2o9JioqDG6fXTcial2TQ. Retrying in 5s …
2026-07-01 02:32:02 | ERROR    | YouTubeLiveNotifier.YouTube              | YouTube API error 429: Quota exceeded for quota metric 'Search Queries' and limit 'Search Queries per day' of service 'youtube.googleapis.com' for consumer 'project_number:30789778189'.
2026-07-01 02:32:02 | WARNING  | YouTubeLiveNotifier                      | Error in check cycle: HTTPError: 429 Client Error: Too Many Requests for url: https://www.googleapis.com/youtube/v3/search?part=id%2Csnippet&channelId=UCrMGi1oYELKLGp5GgQajmWA&eventType=live&type=video&maxResults=1&key=AIzaSyA5QuFb5a8lg7H2o9JioqDG6fXTcial2TQ. Retrying in 5s …
2026-07-01 02:32:08 | ERROR    | YouTubeLiveNotifier.YouTube              | YouTube API error 429: Quota exceeded for quota metric 'Search Queries' and limit 'Search Queries per day' of service 'youtube.googleapis.com' for consumer 'project_number:30789778189'.
2026-07-01 02:32:08 | WARNING  | YouTubeLiveNotifier                      | Error in check cycle: HTTPError: 429 Client Error: Too Many Requests for url: https://www.googleapis.com/youtube/v3/search?part=id%2Csnippet&channelId=UCrMGi1oYELKLGp5GgQajmWA&eventType=live&type=video&maxResults=1&key=AIzaSyA5QuFb5a8lg7H2o9JioqDG6fXTcial2TQ. Retrying in 5s …
2026-07-01 02:32:13 | ERROR    | YouTubeLiveNotifier.YouTube              | YouTube API error 429: Quota exceeded for quota metric 'Search Queries' and limit 'Search Queries per day' of service 'youtube.googleapis.com' for consumer 'project_number:30789778189'.
2026-07-01 02:32:13 | WARNING  | YouTubeLiveNotifier                      | Error in check cycle: HTTPError: 429 Client Error: Too Many Requests for url: https://www.googleapis.com/youtube/v3/search?part=id%2Csnippet&channelId=UCrMGi1oYELKLGp5GgQajmWA&eventType=live&type=video&maxResults=1&key=AIzaSyA5QuFb5a8lg7H2o9JioqDG6fXTcial2TQ. Retrying in 5s …
2026-07-01 02:32:18 | ERROR    | YouTubeLiveNotifier.YouTube              | YouTube API error 429: Quota exceeded for quota metric 'Search Queries' and limit 'Search Queries per day' of service 'youtube.googleapis.com' for consumer 'project_number:30789778189'.
2026-07-01 02:32:18 | WARNING  | YouTubeLiveNotifier                      | Error in check cycle: HTTPError: 429 Client Error: Too Many Requests for url: https://www.googleapis.com/youtube/v3/search?part=id%2Csnippet&channelId=UCrMGi1oYELKLGp5GgQajmWA&eventType=live&type=video&maxResults=1&key=AIzaSyA5QuFb5a8lg7H2o9JioqDG6fXTcial2TQ. Retrying in 5s …
2026-07-01 02:32:23 | ERROR    | YouTubeLiveNotifier.YouTube              | YouTube API error 429: Quota exceeded for quota metric 'Search Queries' and limit 'Search Queries per day' of service 'youtube.googleapis.com' for consumer 'project_number:30789778189'.
2026-07-01 02:32:23 | WARNING  | YouTubeLiveNotifier                      | Error in check cycle: HTTPError: 429 Client Error: Too Many Requests for url: https://www.googleapis.com/youtube/v3/search?part=id%2Csnippet&channelId=UCrMGi1oYELKLGp5GgQajmWA&eventType=live&type=video&maxResults=1&key=AIzaSyA5QuFb5a8lg7H2o9JioqDG6fXTcial2TQ. Retrying in 5s …
2026-07-01 02:32:28 | ERROR    | YouTubeLiveNotifier.YouTube              | YouTube API error 429: Quota exceeded for quota metric 'Search Queries' and limit 'Search Queries per day' of service 'youtube.googleapis.com' for consumer 'project_number:30789778189'.
2026-07-01 02:32:28 | WARNING  | YouTubeLiveNotifier                      | Error in check cycle: HTTPError: 429 Client Error: Too Many Requests for url: https://www.googleapis.com/youtube/v3/search?part=id%2Csnippet&channelId=UCrMGi1oYELKLGp5GgQajmWA&eventType=live&type=video&maxResults=1&key=AIzaSyA5QuFb5a8lg7H2o9JioqDG6fXTcial2TQ. Retrying in 5s …
2026-07-01 02:32:33 | ERROR    | YouTubeLiveNotifier.YouTube              | YouTube API error 429: Quota exceeded for quota metric 'Search Queries' and limit 'Search Queries per day' of service 'youtube.googleapis.com' for consumer 'project_number:30789778189'.
2026-07-01 02:32:33 | WARNING  | YouTubeLiveNotifier                      | Error in check cycle: HTTPError: 429 Client Error: Too Many Requests for url: https://www.googleapis.com/youtube/v3/search?part=id%2Csnippet&channelId=UCrMGi1oYELKLGp5GgQajmWA&eventType=live&type=video&maxResults=1&key=AIzaSyA5QuFb5a8lg7H2o9JioqDG6fXTcial2TQ. Retrying in 5s …
2026-07-01 02:32:49 | ERROR    | YouTubeLiveNotifier.YouTube              | YouTube API error 429: Quota exceeded for quota metric 'Search Queries' and limit 'Search Queries per day' of service 'youtube.googleapis.com' for consumer 'project_number:30789778189'.
2026-07-01 02:32:49 | WARNING  | YouTubeLiveNotifier                      | Error in check cycle: HTTPError: 429 Client Error: Too Many Requests for url: https://www.googleapis.com/youtube/v3/search?part=id%2Csnippet&channelId=UCrMGi1oYELKLGp5GgQajmWA&eventType=live&type=video&maxResults=1&key=AIzaSyA5QuFb5a8lg7H2o9JioqDG6fXTcial2TQ. Retrying in 5s …
2026-07-01 02:32:55 | ERROR    | YouTubeLiveNotifier.YouTube              | YouTube API error 429: Quota exceeded for quota metric 'Search Queries' and limit 'Search Queries per day' of service 'youtube.googleapis.com' for consumer 'project_number:30789778189'.
2026-07-01 02:32:55 | WARNING  | YouTubeLiveNotifier                      | Error in check cycle: HTTPError: 429 Client Error: Too Many Requests for url: https://www.googleapis.com/youtube/v3/search?part=id%2Csnippet&channelId=UCrMGi1oYELKLGp5GgQajmWA&eventType=live&type=video&maxResults=1&key=AIzaSyA5QuFb5a8lg7H2o9JioqDG6fXTcial2TQ. Retrying in 5s …
2026-07-01 02:33:00 | ERROR    | YouTubeLiveNotifier.YouTube              | YouTube API error 429: Quota exceeded for quota metric 'Search Queries' and limit 'Search Queries per day' of service 'youtube.googleapis.com' for consumer 'project_number:30789778189'.
2026-07-01 02:33:00 | WARNING  | YouTubeLiveNotifier                      | Error in check cycle: HTTPError: 429 Client Error: Too Many Requests for url: https://www.googleapis.com/youtube/v3/search?part=id%2Csnippet&channelId=UCrMGi1oYELKLGp5GgQajmWA&eventType=live&type=video&maxResults=1&key=AIzaSyA5QuFb5a8lg7H2o9JioqDG6fXTcial2TQ. Retrying in 5s …
2026-07-01 02:33:05 | ERROR    | YouTubeLiveNotifier.YouTube              | YouTube API error 429: Quota exceeded for quota metric 'Search Queries' and limit 'Search Queries per day' of service 'youtube.googleapis.com' for consumer 'project_number:30789778189'.
2026-07-01 02:33:05 | WARNING  | YouTubeLiveNotifier                      | Error in check cycle: HTTPError: 429 Client Error: Too Many Requests for url: https://www.googleapis.com/youtube/v3/search?part=id%2Csnippet&channelId=UCrMGi1oYELKLGp5GgQajmWA&eventType=live&type=video&maxResults=1&key=AIzaSyA5QuFb5a8lg7H2o9JioqDG6fXTcial2TQ. Retrying in 5s …
2026-07-01 02:33:10 | ERROR    | YouTubeLiveNotifier.YouTube              | YouTube API error 429: Quota exceeded for quota metric 'Search Queries' and limit 'Search Queries per day' of service 'youtube.googleapis.com' for consumer 'project_number:30789778189'.
2026-07-01 02:33:10 | WARNING  | YouTubeLiveNotifier                      | Error in check cycle: HTTPError: 429 Client Error: Too Many Requests for url: https://www.googleapis.com/youtube/v3/search?part=id%2Csnippet&channelId=UCrMGi1oYELKLGp5GgQajmWA&eventType=live&type=video&maxResults=1&key=AIzaSyA5QuFb5a8lg7H2o9JioqDG6fXTcial2TQ. Retrying in 5s …
2026-07-01 02:33:15 | ERROR    | YouTubeLiveNotifier.YouTube              | YouTube API error 429: Quota exceeded for quota metric 'Search Queries' and limit 'Search Queries per day' of service 'youtube.googleapis.com' for consumer 'project_number:30789778189'.
2026-07-01 02:33:15 | WARNING  | YouTubeLiveNotifier                      | Error in check cycle: HTTPError: 429 Client Error: Too Many Requests for url: https://www.googleapis.com/youtube/v3/search?part=id%2Csnippet&channelId=UCrMGi1oYELKLGp5GgQajmWA&eventType=live&type=video&maxResults=1&key=AIzaSyA5QuFb5a8lg7H2o9JioqDG6fXTcial2TQ. Retrying in 5s …
2026-07-01 02:33:26 | ERROR    | YouTubeLiveNotifier.YouTube              | YouTube API error 429: Quota exceeded for quota metric 'Search Queries' and limit 'Search Queries per day' of service 'youtube.googleapis.com' for consumer 'project_number:30789778189'.
2026-07-01 02:33:26 | WARNING  | YouTubeLiveNotifier                      | Error in check cycle: HTTPError: 429 Client Error: Too Many Requests for url: https://www.googleapis.com/youtube/v3/search?part=id%2Csnippet&channelId=UCrMGi1oYELKLGp5GgQajmWA&eventType=live&type=video&maxResults=1&key=AIzaSyA5QuFb5a8lg7H2o9JioqDG6fXTcial2TQ. Retrying in 5s …
2026-07-01 02:33:31 | ERROR    | YouTubeLiveNotifier.YouTube              | YouTube API error 429: Quota exceeded for quota metric 'Search Queries' and limit 'Search Queries per day' of service 'youtube.googleapis.com' for consumer 'project_number:30789778189'.
2026-07-01 02:33:31 | WARNING  | YouTubeLiveNotifier                      | Error in check cycle: HTTPError: 429 Client Error: Too Many Requests for url: https://www.googleapis.com/youtube/v3/search?part=id%2Csnippet&channelId=UCrMGi1oYELKLGp5GgQajmWA&eventType=live&type=video&maxResults=1&key=AIzaSyA5QuFb5a8lg7H2o9JioqDG6fXTcial2TQ. Retrying in 5s …
2026-07-01 02:33:36 | ERROR    | YouTubeLiveNotifier.YouTube              | YouTube API error 429: Quota exceeded for quota metric 'Search Queries' and limit 'Search Queries per day' of service 'youtube.googleapis.com' for consumer 'project_number:30789778189'.
2026-07-01 02:33:36 | WARNING  | YouTubeLiveNotifier                      | Error in check cycle: HTTPError: 429 Client Error: Too Many Requests for url: https://www.googleapis.com/youtube/v3/search?part=id%2Csnippet&channelId=UCrMGi1oYELKLGp5GgQajmWA&eventType=live&type=video&maxResults=1&key=AIzaSyA5QuFb5a8lg7H2o9JioqDG6fXTcial2TQ. Retrying in 5s …
2026-07-01 02:33:41 | ERROR    | YouTubeLiveNotifier.YouTube              | YouTube API error 429: Quota exceeded for quota metric 'Search Queries' and limit 'Search Queries per day' of service 'youtube.googleapis.com' for consumer 'project_number:30789778189'.
2026-07-01 02:33:41 | WARNING  | YouTubeLiveNotifier                      | Error in check cycle: HTTPError: 429 Client Error: Too Many Requests for url: https://www.googleapis.com/youtube/v3/search?part=id%2Csnippet&channelId=UCrMGi1oYELKLGp5GgQajmWA&eventType=live&type=video&maxResults=1&key=AIzaSyA5QuFb5a8lg7H2o9JioqDG6fXTcial2TQ. Retrying in 5s …
2026-07-01 02:34:04 | INFO     | YouTubeLiveNotifier.StateManager         | State loaded from 'state.json': is_live=False, video_id=None, message_id=None, end_message_id=12
2026-07-01 02:34:04 | INFO     | YouTubeLiveNotifier                      | =================================================================
2026-07-01 02:34:04 | INFO     | YouTubeLiveNotifier                      |   YouTube Live Notifier — Started
2026-07-01 02:34:04 | INFO     | YouTubeLiveNotifier                      |   Channel ID      : UCrMGi1oYELKLGp5GgQajmWA
2026-07-01 02:34:04 | INFO     | YouTubeLiveNotifier                      |   Channel name    : 42Level
2026-07-01 02:34:04 | INFO     | YouTubeLiveNotifier                      |   Check interval  : 5s
2026-07-01 02:34:04 | INFO     | YouTubeLiveNotifier                      |   Retry delay     : 5s
2026-07-01 02:34:04 | INFO     | YouTubeLiveNotifier                      |   Restored state  : is_live=False, video_id=None, message_id=None, end_message_id=12
2026-07-01 02:34:04 | INFO     | YouTubeLiveNotifier                      | =================================================================
2026-07-01 02:34:05 | ERROR    | YouTubeLiveNotifier.YouTube              | YouTube API error 429: Quota exceeded for quota metric 'Search Queries' and limit 'Search Queries per day' of service 'youtube.googleapis.com' for consumer 'project_number:30789778189'.
2026-07-01 02:34:05 | WARNING  | YouTubeLiveNotifier                      | Error in check cycle: HTTPError: 429 Client Error: Too Many Requests for url: https://www.googleapis.com/youtube/v3/search?part=id%2Csnippet&channelId=UCrMGi1oYELKLGp5GgQajmWA&eventType=live&type=video&maxResults=1&key=AIzaSyA5QuFb5a8lg7H2o9JioqDG6fXTcial2TQ. Retrying in 5s …
2026-07-01 02:34:20 | ERROR    | YouTubeLiveNotifier.YouTube              | YouTube API error 429: Quota exceeded for quota metric 'Search Queries' and limit 'Search Queries per day' of service 'youtube.googleapis.com' for consumer 'project_number:30789778189'.
2026-07-01 02:34:20 | WARNING  | YouTubeLiveNotifier                      | Error in check cycle: HTTPError: 429 Client Error: Too Many Requests for url: https://www.googleapis.com/youtube/v3/search?part=id%2Csnippet&channelId=UCrMGi1oYELKLGp5GgQajmWA&eventType=live&type=video&maxResults=1&key=AIzaSyA5QuFb5a8lg7H2o9JioqDG6fXTcial2TQ. Retrying in 5s …
2026-07-01 02:34:26 | ERROR    | YouTubeLiveNotifier.YouTube              | YouTube API error 429: Quota exceeded for quota metric 'Search Queries' and limit 'Search Queries per day' of service 'youtube.googleapis.com' for consumer 'project_number:30789778189'.
2026-07-01 02:34:26 | WARNING  | YouTubeLiveNotifier                      | Error in check cycle: HTTPError: 429 Client Error: Too Many Requests for url: https://www.googleapis.com/youtube/v3/search?part=id%2Csnippet&channelId=UCrMGi1oYELKLGp5GgQajmWA&eventType=live&type=video&maxResults=1&key=AIzaSyA5QuFb5a8lg7H2o9JioqDG6fXTcial2TQ. Retrying in 5s …
2026-07-01 02:34:31 | ERROR    | YouTubeLiveNotifier.YouTube              | YouTube API error 429: Quota exceeded for quota metric 'Search Queries' and limit 'Search Queries per day' of service 'youtube.googleapis.com' for consumer 'project_number:30789778189'.
2026-07-01 02:34:31 | WARNING  | YouTubeLiveNotifier                      | Error in check cycle: HTTPError: 429 Client Error: Too Many Requests for url: https://www.googleapis.com/youtube/v3/search?part=id%2Csnippet&channelId=UCrMGi1oYELKLGp5GgQajmWA&eventType=live&type=video&maxResults=1&key=AIzaSyA5QuFb5a8lg7H2o9JioqDG6fXTcial2TQ. Retrying in 5s …
2026-07-01 02:34:36 | INFO     | YouTubeLiveNotifier.YouTube              | Live stream detected: 'TEST' (video_id=Io7uz6UAKZ8)
2026-07-01 02:34:36 | INFO     | YouTubeLiveNotifier                      | [TRANSITION] Offline → Live (video_id=Io7uz6UAKZ8, title='TEST')
2026-07-01 02:34:37 | INFO     | YouTubeLiveNotifier.Telegram             | Message deleted → message_id=12
2026-07-01 02:34:37 | INFO     | YouTubeLiveNotifier                      | Previous end-message deleted (TG message_id=12).
2026-07-01 02:34:37 | INFO     | YouTubeLiveNotifier.Telegram             | Message sent → message_id=13
2026-07-01 02:34:37 | INFO     | YouTubeLiveNotifier.StateManager         | State → LIVE | video_id=Io7uz6UAKZ8 | message_id=13
2026-07-01 02:34:37 | INFO     | YouTubeLiveNotifier                      | Live notification sent. URL=https://www.youtube.com/watch?v=Io7uz6UAKZ8 | TG message_id=13
2026-07-01 02:36:32 | INFO     | YouTubeLiveNotifier.YouTube              | videos.list → video Io7uz6UAKZ8 is no longer live (liveBroadcastContent='none').
2026-07-01 02:36:32 | INFO     | YouTubeLiveNotifier                      | [TRANSITION] Live → Offline
2026-07-01 02:36:32 | INFO     | YouTubeLiveNotifier.Telegram             | Message deleted → message_id=13
2026-07-01 02:36:32 | INFO     | YouTubeLiveNotifier                      | Live-start message deleted (TG message_id=13).
2026-07-01 02:36:32 | INFO     | YouTubeLiveNotifier.Telegram             | Message sent → message_id=14
2026-07-01 02:36:32 | INFO     | YouTubeLiveNotifier                      | Live-end notification sent (TG message_id=14).
2026-07-01 02:36:32 | INFO     | YouTubeLiveNotifier.StateManager         | State → OFFLINE | end_message_id=14
2026-07-01 02:36:37 | ERROR    | YouTubeLiveNotifier.YouTube              | YouTube API error 429: Quota exceeded for quota metric 'Search Queries' and limit 'Search Queries per day' of service 'youtube.googleapis.com' for consumer 'project_number:30789778189'.
2026-07-01 02:36:37 | WARNING  | YouTubeLiveNotifier                      | Error in check cycle: HTTPError: 429 Client Error: Too Many Requests for url: https://www.googleapis.com/youtube/v3/search?part=id%2Csnippet&channelId=UCrMGi1oYELKLGp5GgQajmWA&eventType=live&type=video&maxResults=1&key=AIzaSyA5QuFb5a8lg7H2o9JioqDG6fXTcial2TQ. Retrying in 5s …
2026-07-01 02:36:48 | ERROR    | YouTubeLiveNotifier.YouTube              | YouTube API error 429: Quota exceeded for quota metric 'Search Queries' and limit 'Search Queries per day' of service 'youtube.googleapis.com' for consumer 'project_number:30789778189'.
2026-07-01 02:36:48 | WARNING  | YouTubeLiveNotifier                      | Error in check cycle: HTTPError: 429 Client Error: Too Many Requests for url: https://www.googleapis.com/youtube/v3/search?part=id%2Csnippet&channelId=UCrMGi1oYELKLGp5GgQajmWA&eventType=live&type=video&maxResults=1&key=AIzaSyA5QuFb5a8lg7H2o9JioqDG6fXTcial2TQ. Retrying in 5s …
2026-07-01 02:36:53 | ERROR    | YouTubeLiveNotifier.YouTube              | YouTube API error 429: Quota exceeded for quota metric 'Search Queries' and limit 'Search Queries per day' of service 'youtube.googleapis.com' for consumer 'project_number:30789778189'.
2026-07-01 02:36:53 | WARNING  | YouTubeLiveNotifier                      | Error in check cycle: HTTPError: 429 Client Error: Too Many Requests for url: https://www.googleapis.com/youtube/v3/search?part=id%2Csnippet&channelId=UCrMGi1oYELKLGp5GgQajmWA&eventType=live&type=video&maxResults=1&key=AIzaSyA5QuFb5a8lg7H2o9JioqDG6fXTcial2TQ. Retrying in 5s …
2026-07-01 02:36:58 | ERROR    | YouTubeLiveNotifier.YouTube              | YouTube API error 429: Quota exceeded for quota metric 'Search Queries' and limit 'Search Queries per day' of service 'youtube.googleapis.com' for consumer 'project_number:30789778189'.
2026-07-01 02:36:58 | WARNING  | YouTubeLiveNotifier                      | Error in check cycle: HTTPError: 429 Client Error: Too Many Requests for url: https://www.googleapis.com/youtube/v3/search?part=id%2Csnippet&channelId=UCrMGi1oYELKLGp5GgQajmWA&eventType=live&type=video&maxResults=1&key=AIzaSyA5QuFb5a8lg7H2o9JioqDG6fXTcial2TQ. Retrying in 5s …
2026-07-01 02:37:09 | ERROR    | YouTubeLiveNotifier.YouTube              | YouTube API error 429: Quota exceeded for quota metric 'Search Queries' and limit 'Search Queries per day' of service 'youtube.googleapis.com' for consumer 'project_number:30789778189'.
2026-07-01 02:37:09 | WARNING  | YouTubeLiveNotifier                      | Error in check cycle: HTTPError: 429 Client Error: Too Many Requests for url: https://www.googleapis.com/youtube/v3/search?part=id%2Csnippet&channelId=UCrMGi1oYELKLGp5GgQajmWA&eventType=live&type=video&maxResults=1&key=AIzaSyA5QuFb5a8lg7H2o9JioqDG6fXTcial2TQ. Retrying in 5s …
2026-07-01 02:37:14 | ERROR    | YouTubeLiveNotifier.YouTube              | YouTube API error 429: Quota exceeded for quota metric 'Search Queries' and limit 'Search Queries per day' of service 'youtube.googleapis.com' for consumer 'project_number:30789778189'.
2026-07-01 02:37:14 | WARNING  | YouTubeLiveNotifier                      | Error in check cycle: HTTPError: 429 Client Error: Too Many Requests for url: https://www.googleapis.com/youtube/v3/search?part=id%2Csnippet&channelId=UCrMGi1oYELKLGp5GgQajmWA&eventType=live&type=video&maxResults=1&key=AIzaSyA5QuFb5a8lg7H2o9JioqDG6fXTcial2TQ. Retrying in 5s …
2026-07-01 02:37:19 | ERROR    | YouTubeLiveNotifier.YouTube              | YouTube API error 429: Quota exceeded for quota metric 'Search Queries' and limit 'Search Queries per day' of service 'youtube.googleapis.com' for consumer 'project_number:30789778189'.
2026-07-01 02:37:19 | WARNING  | YouTubeLiveNotifier                      | Error in check cycle: HTTPError: 429 Client Error: Too Many Requests for url: https://www.googleapis.com/youtube/v3/search?part=id%2Csnippet&channelId=UCrMGi1oYELKLGp5GgQajmWA&eventType=live&type=video&maxResults=1&key=AIzaSyA5QuFb5a8lg7H2o9JioqDG6fXTcial2TQ. Retrying in 5s …
2026-07-01 02:37:35 | ERROR    | YouTubeLiveNotifier.YouTube              | YouTube API error 429: Quota exceeded for quota metric 'Search Queries' and limit 'Search Queries per day' of service 'youtube.googleapis.com' for consumer 'project_number:30789778189'.
2026-07-01 02:37:35 | WARNING  | YouTubeLiveNotifier                      | Error in check cycle: HTTPError: 429 Client Error: Too Many Requests for url: https://www.googleapis.com/youtube/v3/search?part=id%2Csnippet&channelId=UCrMGi1oYELKLGp5GgQajmWA&eventType=live&type=video&maxResults=1&key=AIzaSyA5QuFb5a8lg7H2o9JioqDG6fXTcial2TQ. Retrying in 5s …
2026-07-01 02:37:46 | ERROR    | YouTubeLiveNotifier.YouTube              | YouTube API error 429: Quota exceeded for quota metric 'Search Queries' and limit 'Search Queries per day' of service 'youtube.googleapis.com' for consumer 'project_number:30789778189'.
2026-07-01 02:37:46 | WARNING  | YouTubeLiveNotifier                      | Error in check cycle: HTTPError: 429 Client Error: Too Many Requests for url: https://www.googleapis.com/youtube/v3/search?part=id%2Csnippet&channelId=UCrMGi1oYELKLGp5GgQajmWA&eventType=live&type=video&maxResults=1&key=AIzaSyA5QuFb5a8lg7H2o9JioqDG6fXTcial2TQ. Retrying in 5s …
2026-07-01 02:37:57 | ERROR    | YouTubeLiveNotifier.YouTube              | YouTube API error 429: Quota exceeded for quota metric 'Search Queries' and limit 'Search Queries per day' of service 'youtube.googleapis.com' for consumer 'project_number:30789778189'.
2026-07-01 02:37:57 | WARNING  | YouTubeLiveNotifier                      | Error in check cycle: HTTPError: 429 Client Error: Too Many Requests for url: https://www.googleapis.com/youtube/v3/search?part=id%2Csnippet&channelId=UCrMGi1oYELKLGp5GgQajmWA&eventType=live&type=video&maxResults=1&key=AIzaSyA5QuFb5a8lg7H2o9JioqDG6fXTcial2TQ. Retrying in 5s …
2026-07-01 02:38:02 | ERROR    | YouTubeLiveNotifier.YouTube              | YouTube API error 429: Quota exceeded for quota metric 'Search Queries' and limit 'Search Queries per day' of service 'youtube.googleapis.com' for consumer 'project_number:30789778189'.
2026-07-01 02:38:02 | WARNING  | YouTubeLiveNotifier                      | Error in check cycle: HTTPError: 429 Client Error: Too Many Requests for url: https://www.googleapis.com/youtube/v3/search?part=id%2Csnippet&channelId=UCrMGi1oYELKLGp5GgQajmWA&eventType=live&type=video&maxResults=1&key=AIzaSyA5QuFb5a8lg7H2o9JioqDG6fXTcial2TQ. Retrying in 5s …
2026-07-01 02:38:07 | ERROR    | YouTubeLiveNotifier.YouTube              | YouTube API error 429: Quota exceeded for quota metric 'Search Queries' and limit 'Search Queries per day' of service 'youtube.googleapis.com' for consumer 'project_number:30789778189'.
2026-07-01 02:38:07 | WARNING  | YouTubeLiveNotifier                      | Error in check cycle: HTTPError: 429 Client Error: Too Many Requests for url: https://www.googleapis.com/youtube/v3/search?part=id%2Csnippet&channelId=UCrMGi1oYELKLGp5GgQajmWA&eventType=live&type=video&maxResults=1&key=AIzaSyA5QuFb5a8lg7H2o9JioqDG6fXTcial2TQ. Retrying in 5s …
2026-07-01 02:38:12 | ERROR    | YouTubeLiveNotifier.YouTube              | YouTube API error 429: Quota exceeded for quota metric 'Search Queries' and limit 'Search Queries per day' of service 'youtube.googleapis.com' for consumer 'project_number:30789778189'.
2026-07-01 02:38:12 | WARNING  | YouTubeLiveNotifier                      | Error in check cycle: HTTPError: 429 Client Error: Too Many Requests for url: https://www.googleapis.com/youtube/v3/search?part=id%2Csnippet&channelId=UCrMGi1oYELKLGp5GgQajmWA&eventType=live&type=video&maxResults=1&key=AIzaSyA5QuFb5a8lg7H2o9JioqDG6fXTcial2TQ. Retrying in 5s …
2026-07-01 02:38:17 | ERROR    | YouTubeLiveNotifier.YouTube              | YouTube API error 429: Quota exceeded for quota metric 'Search Queries' and limit 'Search Queries per day' of service 'youtube.googleapis.com' for consumer 'project_number:30789778189'.
2026-07-01 02:38:17 | WARNING  | YouTubeLiveNotifier                      | Error in check cycle: HTTPError: 429 Client Error: Too Many Requests for url: https://www.googleapis.com/youtube/v3/search?part=id%2Csnippet&channelId=UCrMGi1oYELKLGp5GgQajmWA&eventType=live&type=video&maxResults=1&key=AIzaSyA5QuFb5a8lg7H2o9JioqDG6fXTcial2TQ. Retrying in 5s …
2026-07-01 02:38:22 | ERROR    | YouTubeLiveNotifier.YouTube              | YouTube API error 429: Quota exceeded for quota metric 'Search Queries' and limit 'Search Queries per day' of service 'youtube.googleapis.com' for consumer 'project_number:30789778189'.
2026-07-01 02:38:22 | WARNING  | YouTubeLiveNotifier                      | Error in check cycle: HTTPError: 429 Client Error: Too Many Requests for url: https://www.googleapis.com/youtube/v3/search?part=id%2Csnippet&channelId=UCrMGi1oYELKLGp5GgQajmWA&eventType=live&type=video&maxResults=1&key=AIzaSyA5QuFb5a8lg7H2o9JioqDG6fXTcial2TQ. Retrying in 5s …
2026-07-01 02:38:28 | ERROR    | YouTubeLiveNotifier.YouTube              | YouTube API error 429: Quota exceeded for quota metric 'Search Queries' and limit 'Search Queries per day' of service 'youtube.googleapis.com' for consumer 'project_number:30789778189'.
2026-07-01 02:38:28 | WARNING  | YouTubeLiveNotifier                      | Error in check cycle: HTTPError: 429 Client Error: Too Many Requests for url: https://www.googleapis.com/youtube/v3/search?part=id%2Csnippet&channelId=UCrMGi1oYELKLGp5GgQajmWA&eventType=live&type=video&maxResults=1&key=AIzaSyA5QuFb5a8lg7H2o9JioqDG6fXTcial2TQ. Retrying in 5s …
2026-07-01 02:38:43 | ERROR    | YouTubeLiveNotifier.YouTube              | YouTube API error 429: Quota exceeded for quota metric 'Search Queries' and limit 'Search Queries per day' of service 'youtube.googleapis.com' for consumer 'project_number:30789778189'.
2026-07-01 02:38:43 | WARNING  | YouTubeLiveNotifier                      | Error in check cycle: HTTPError: 429 Client Error: Too Many Requests for url: https://www.googleapis.com/youtube/v3/search?part=id%2Csnippet&channelId=UCrMGi1oYELKLGp5GgQajmWA&eventType=live&type=video&maxResults=1&key=AIzaSyA5QuFb5a8lg7H2o9JioqDG6fXTcial2TQ. Retrying in 5s …
2026-07-01 02:38:49 | ERROR    | YouTubeLiveNotifier.YouTube              | YouTube API error 403: The authenticated user cannot act on behalf of the specified Google account.
2026-07-01 02:38:49 | WARNING  | YouTubeLiveNotifier                      | Error in check cycle: HTTPError: 403 Client Error: Forbidden for url: https://www.googleapis.com/youtube/v3/search?part=id%2Csnippet&channelId=UCrMGi1oYELKLGp5GgQajmWA&eventType=live&type=video&maxResults=1&key=AIzaSyA5QuFb5a8lg7H2o9JioqDG6fXTcial2TQ. Retrying in 5s …
2026-07-01 02:38:54 | ERROR    | YouTubeLiveNotifier.YouTube              | YouTube API error 429: Quota exceeded for quota metric 'Search Queries' and limit 'Search Queries per day' of service 'youtube.googleapis.com' for consumer 'project_number:30789778189'.
2026-07-01 02:38:54 | WARNING  | YouTubeLiveNotifier                      | Error in check cycle: HTTPError: 429 Client Error: Too Many Requests for url: https://www.googleapis.com/youtube/v3/search?part=id%2Csnippet&channelId=UCrMGi1oYELKLGp5GgQajmWA&eventType=live&type=video&maxResults=1&key=AIzaSyA5QuFb5a8lg7H2o9JioqDG6fXTcial2TQ. Retrying in 5s …
2026-07-01 02:39:04 | ERROR    | YouTubeLiveNotifier.YouTube              | YouTube API error 429: Quota exceeded for quota metric 'Search Queries' and limit 'Search Queries per day' of service 'youtube.googleapis.com' for consumer 'project_number:30789778189'.
2026-07-01 02:39:04 | WARNING  | YouTubeLiveNotifier                      | Error in check cycle: HTTPError: 429 Client Error: Too Many Requests for url: https://www.googleapis.com/youtube/v3/search?part=id%2Csnippet&channelId=UCrMGi1oYELKLGp5GgQajmWA&eventType=live&type=video&maxResults=1&key=AIzaSyA5QuFb5a8lg7H2o9JioqDG6fXTcial2TQ. Retrying in 5s …
2026-07-01 02:39:15 | ERROR    | YouTubeLiveNotifier.YouTube              | YouTube API error 429: Quota exceeded for quota metric 'Search Queries' and limit 'Search Queries per day' of service 'youtube.googleapis.com' for consumer 'project_number:30789778189'.
2026-07-01 02:39:15 | WARNING  | YouTubeLiveNotifier                      | Error in check cycle: HTTPError: 429 Client Error: Too Many Requests for url: https://www.googleapis.com/youtube/v3/search?part=id%2Csnippet&channelId=UCrMGi1oYELKLGp5GgQajmWA&eventType=live&type=video&maxResults=1&key=AIzaSyA5QuFb5a8lg7H2o9JioqDG6fXTcial2TQ. Retrying in 5s …
2026-07-01 02:39:20 | ERROR    | YouTubeLiveNotifier.YouTube              | YouTube API error 429: Quota exceeded for quota metric 'Search Queries' and limit 'Search Queries per day' of service 'youtube.googleapis.com' for consumer 'project_number:30789778189'.
2026-07-01 02:39:20 | WARNING  | YouTubeLiveNotifier                      | Error in check cycle: HTTPError: 429 Client Error: Too Many Requests for url: https://www.googleapis.com/youtube/v3/search?part=id%2Csnippet&channelId=UCrMGi1oYELKLGp5GgQajmWA&eventType=live&type=video&maxResults=1&key=AIzaSyA5QuFb5a8lg7H2o9JioqDG6fXTcial2TQ. Retrying in 5s …
2026-07-01 02:39:25 | ERROR    | YouTubeLiveNotifier.YouTube              | YouTube API error 429: Quota exceeded for quota metric 'Search Queries' and limit 'Search Queries per day' of service 'youtube.googleapis.com' for consumer 'project_number:30789778189'.
2026-07-01 02:39:25 | WARNING  | YouTubeLiveNotifier                      | Error in check cycle: HTTPError: 429 Client Error: Too Many Requests for url: https://www.googleapis.com/youtube/v3/search?part=id%2Csnippet&channelId=UCrMGi1oYELKLGp5GgQajmWA&eventType=live&type=video&maxResults=1&key=AIzaSyA5QuFb5a8lg7H2o9JioqDG6fXTcial2TQ. Retrying in 5s …
2026-07-01 02:39:31 | ERROR    | YouTubeLiveNotifier.YouTube              | YouTube API error 429: Quota exceeded for quota metric 'Search Queries' and limit 'Search Queries per day' of service 'youtube.googleapis.com' for consumer 'project_number:30789778189'.
2026-07-01 02:39:31 | WARNING  | YouTubeLiveNotifier                      | Error in check cycle: HTTPError: 429 Client Error: Too Many Requests for url: https://www.googleapis.com/youtube/v3/search?part=id%2Csnippet&channelId=UCrMGi1oYELKLGp5GgQajmWA&eventType=live&type=video&maxResults=1&key=AIzaSyA5QuFb5a8lg7H2o9JioqDG6fXTcial2TQ. Retrying in 5s …
2026-07-01 02:39:36 | ERROR    | YouTubeLiveNotifier.YouTube              | YouTube API error 429: Quota exceeded for quota metric 'Search Queries' and limit 'Search Queries per day' of service 'youtube.googleapis.com' for consumer 'project_number:30789778189'.
2026-07-01 02:39:36 | WARNING  | YouTubeLiveNotifier                      | Error in check cycle: HTTPError: 429 Client Error: Too Many Requests for url: https://www.googleapis.com/youtube/v3/search?part=id%2Csnippet&channelId=UCrMGi1oYELKLGp5GgQajmWA&eventType=live&type=video&maxResults=1&key=AIzaSyA5QuFb5a8lg7H2o9JioqDG6fXTcial2TQ. Retrying in 5s …
2026-07-01 02:39:41 | ERROR    | YouTubeLiveNotifier.YouTube              | YouTube API error 429: Quota exceeded for quota metric 'Search Queries' and limit 'Search Queries per day' of service 'youtube.googleapis.com' for consumer 'project_number:30789778189'.
2026-07-01 02:39:41 | WARNING  | YouTubeLiveNotifier                      | Error in check cycle: HTTPError: 429 Client Error: Too Many Requests for url: https://www.googleapis.com/youtube/v3/search?part=id%2Csnippet&channelId=UCrMGi1oYELKLGp5GgQajmWA&eventType=live&type=video&maxResults=1&key=AIzaSyA5QuFb5a8lg7H2o9JioqDG6fXTcial2TQ. Retrying in 5s …
2026-07-01 02:39:46 | ERROR    | YouTubeLiveNotifier.YouTube              | YouTube API error 429: Quota exceeded for quota metric 'Search Queries' and limit 'Search Queries per day' of service 'youtube.googleapis.com' for consumer 'project_number:30789778189'.
2026-07-01 02:39:46 | WARNING  | YouTubeLiveNotifier                      | Error in check cycle: HTTPError: 429 Client Error: Too Many Requests for url: https://www.googleapis.com/youtube/v3/search?part=id%2Csnippet&channelId=UCrMGi1oYELKLGp5GgQajmWA&eventType=live&type=video&maxResults=1&key=AIzaSyA5QuFb5a8lg7H2o9JioqDG6fXTcial2TQ. Retrying in 5s …
2026-07-01 02:39:51 | ERROR    | YouTubeLiveNotifier.YouTube              | YouTube API error 429: Quota exceeded for quota metric 'Search Queries' and limit 'Search Queries per day' of service 'youtube.googleapis.com' for consumer 'project_number:30789778189'.
2026-07-01 02:39:51 | WARNING  | YouTubeLiveNotifier                      | Error in check cycle: HTTPError: 429 Client Error: Too Many Requests for url: https://www.googleapis.com/youtube/v3/search?part=id%2Csnippet&channelId=UCrMGi1oYELKLGp5GgQajmWA&eventType=live&type=video&maxResults=1&key=AIzaSyA5QuFb5a8lg7H2o9JioqDG6fXTcial2TQ. Retrying in 5s …
2026-07-01 02:39:56 | ERROR    | YouTubeLiveNotifier.YouTube              | YouTube API error 429: Quota exceeded for quota metric 'Search Queries' and limit 'Search Queries per day' of service 'youtube.googleapis.com' for consumer 'project_number:30789778189'.
2026-07-01 02:39:56 | WARNING  | YouTubeLiveNotifier                      | Error in check cycle: HTTPError: 429 Client Error: Too Many Requests for url: https://www.googleapis.com/youtube/v3/search?part=id%2Csnippet&channelId=UCrMGi1oYELKLGp5GgQajmWA&eventType=live&type=video&maxResults=1&key=AIzaSyA5QuFb5a8lg7H2o9JioqDG6fXTcial2TQ. Retrying in 5s …
2026-07-01 02:40:12 | ERROR    | YouTubeLiveNotifier.YouTube              | YouTube API error 429: Quota exceeded for quota metric 'Search Queries' and limit 'Search Queries per day' of service 'youtube.googleapis.com' for consumer 'project_number:30789778189'.
2026-07-01 02:40:12 | WARNING  | YouTubeLiveNotifier                      | Error in check cycle: HTTPError: 429 Client Error: Too Many Requests for url: https://www.googleapis.com/youtube/v3/search?part=id%2Csnippet&channelId=UCrMGi1oYELKLGp5GgQajmWA&eventType=live&type=video&maxResults=1&key=AIzaSyA5QuFb5a8lg7H2o9JioqDG6fXTcial2TQ. Retrying in 5s …
2026-07-01 02:40:28 | ERROR    | YouTubeLiveNotifier.YouTube              | YouTube API error 429: Quota exceeded for quota metric 'Search Queries' and limit 'Search Queries per day' of service 'youtube.googleapis.com' for consumer 'project_number:30789778189'.
2026-07-01 02:40:28 | WARNING  | YouTubeLiveNotifier                      | Error in check cycle: HTTPError: 429 Client Error: Too Many Requests for url: https://www.googleapis.com/youtube/v3/search?part=id%2Csnippet&channelId=UCrMGi1oYELKLGp5GgQajmWA&eventType=live&type=video&maxResults=1&key=AIzaSyA5QuFb5a8lg7H2o9JioqDG6fXTcial2TQ. Retrying in 5s …
2026-07-01 02:40:39 | ERROR    | YouTubeLiveNotifier.YouTube              | YouTube API error 429: Quota exceeded for quota metric 'Search Queries' and limit 'Search Queries per day' of service 'youtube.googleapis.com' for consumer 'project_number:30789778189'.
2026-07-01 02:40:39 | WARNING  | YouTubeLiveNotifier                      | Error in check cycle: HTTPError: 429 Client Error: Too Many Requests for url: https://www.googleapis.com/youtube/v3/search?part=id%2Csnippet&channelId=UCrMGi1oYELKLGp5GgQajmWA&eventType=live&type=video&maxResults=1&key=AIzaSyA5QuFb5a8lg7H2o9JioqDG6fXTcial2TQ. Retrying in 5s …
2026-07-01 02:40:44 | ERROR    | YouTubeLiveNotifier.YouTube              | YouTube API error 429: Quota exceeded for quota metric 'Search Queries' and limit 'Search Queries per day' of service 'youtube.googleapis.com' for consumer 'project_number:30789778189'.
2026-07-01 02:40:44 | WARNING  | YouTubeLiveNotifier                      | Error in check cycle: HTTPError: 429 Client Error: Too Many Requests for url: https://www.googleapis.com/youtube/v3/search?part=id%2Csnippet&channelId=UCrMGi1oYELKLGp5GgQajmWA&eventType=live&type=video&maxResults=1&key=AIzaSyA5QuFb5a8lg7H2o9JioqDG6fXTcial2TQ. Retrying in 5s …
2026-07-01 02:40:49 | ERROR    | YouTubeLiveNotifier.YouTube              | YouTube API error 429: Quota exceeded for quota metric 'Search Queries' and limit 'Search Queries per day' of service 'youtube.googleapis.com' for consumer 'project_number:30789778189'.
2026-07-01 02:40:49 | WARNING  | YouTubeLiveNotifier                      | Error in check cycle: HTTPError: 429 Client Error: Too Many Requests for url: https://www.googleapis.com/youtube/v3/search?part=id%2Csnippet&channelId=UCrMGi1oYELKLGp5GgQajmWA&eventType=live&type=video&maxResults=1&key=AIzaSyA5QuFb5a8lg7H2o9JioqDG6fXTcial2TQ. Retrying in 5s …
2026-07-01 02:40:54 | ERROR    | YouTubeLiveNotifier.YouTube              | YouTube API error 429: Quota exceeded for quota metric 'Search Queries' and limit 'Search Queries per day' of service 'youtube.googleapis.com' for consumer 'project_number:30789778189'.
2026-07-01 02:40:54 | WARNING  | YouTubeLiveNotifier                      | Error in check cycle: HTTPError: 429 Client Error: Too Many Requests for url: https://www.googleapis.com/youtube/v3/search?part=id%2Csnippet&channelId=UCrMGi1oYELKLGp5GgQajmWA&eventType=live&type=video&maxResults=1&key=AIzaSyA5QuFb5a8lg7H2o9JioqDG6fXTcial2TQ. Retrying in 5s …
2026-07-01 02:41:00 | ERROR    | YouTubeLiveNotifier.YouTube              | YouTube API error 429: Quota exceeded for quota metric 'Search Queries' and limit 'Search Queries per day' of service 'youtube.googleapis.com' for consumer 'project_number:30789778189'.
2026-07-01 02:41:00 | WARNING  | YouTubeLiveNotifier                      | Error in check cycle: HTTPError: 429 Client Error: Too Many Requests for url: https://www.googleapis.com/youtube/v3/search?part=id%2Csnippet&channelId=UCrMGi1oYELKLGp5GgQajmWA&eventType=live&type=video&maxResults=1&key=AIzaSyA5QuFb5a8lg7H2o9JioqDG6fXTcial2TQ. Retrying in 5s …
2026-07-01 02:41:05 | ERROR    | YouTubeLiveNotifier.YouTube              | YouTube API error 429: Quota exceeded for quota metric 'Search Queries' and limit 'Search Queries per day' of service 'youtube.googleapis.com' for consumer 'project_number:30789778189'.
2026-07-01 02:41:05 | WARNING  | YouTubeLiveNotifier                      | Error in check cycle: HTTPError: 429 Client Error: Too Many Requests for url: https://www.googleapis.com/youtube/v3/search?part=id%2Csnippet&channelId=UCrMGi1oYELKLGp5GgQajmWA&eventType=live&type=video&maxResults=1&key=AIzaSyA5QuFb5a8lg7H2o9JioqDG6fXTcial2TQ. Retrying in 5s …
2026-07-01 02:41:15 | ERROR    | YouTubeLiveNotifier.YouTube              | YouTube API error 429: Quota exceeded for quota metric 'Search Queries' and limit 'Search Queries per day' of service 'youtube.googleapis.com' for consumer 'project_number:30789778189'.
2026-07-01 02:41:15 | WARNING  | YouTubeLiveNotifier                      | Error in check cycle: HTTPError: 429 Client Error: Too Many Requests for url: https://www.googleapis.com/youtube/v3/search?part=id%2Csnippet&channelId=UCrMGi1oYELKLGp5GgQajmWA&eventType=live&type=video&maxResults=1&key=AIzaSyA5QuFb5a8lg7H2o9JioqDG6fXTcial2TQ. Retrying in 5s …
2026-07-01 02:41:26 | ERROR    | YouTubeLiveNotifier.YouTube              | YouTube API error 429: Quota exceeded for quota metric 'Search Queries' and limit 'Search Queries per day' of service 'youtube.googleapis.com' for consumer 'project_number:30789778189'.
2026-07-01 02:41:26 | WARNING  | YouTubeLiveNotifier                      | Error in check cycle: HTTPError: 429 Client Error: Too Many Requests for url: https://www.googleapis.com/youtube/v3/search?part=id%2Csnippet&channelId=UCrMGi1oYELKLGp5GgQajmWA&eventType=live&type=video&maxResults=1&key=AIzaSyA5QuFb5a8lg7H2o9JioqDG6fXTcial2TQ. Retrying in 5s …
2026-07-01 02:41:31 | ERROR    | YouTubeLiveNotifier.YouTube              | YouTube API error 429: Quota exceeded for quota metric 'Search Queries' and limit 'Search Queries per day' of service 'youtube.googleapis.com' for consumer 'project_number:30789778189'.
2026-07-01 02:41:31 | WARNING  | YouTubeLiveNotifier                      | Error in check cycle: HTTPError: 429 Client Error: Too Many Requests for url: https://www.googleapis.com/youtube/v3/search?part=id%2Csnippet&channelId=UCrMGi1oYELKLGp5GgQajmWA&eventType=live&type=video&maxResults=1&key=AIzaSyA5QuFb5a8lg7H2o9JioqDG6fXTcial2TQ. Retrying in 5s …
2026-07-01 02:41:36 | ERROR    | YouTubeLiveNotifier.YouTube              | YouTube API error 429: Quota exceeded for quota metric 'Search Queries' and limit 'Search Queries per day' of service 'youtube.googleapis.com' for consumer 'project_number:30789778189'.
2026-07-01 02:41:36 | WARNING  | YouTubeLiveNotifier                      | Error in check cycle: HTTPError: 429 Client Error: Too Many Requests for url: https://www.googleapis.com/youtube/v3/search?part=id%2Csnippet&channelId=UCrMGi1oYELKLGp5GgQajmWA&eventType=live&type=video&maxResults=1&key=AIzaSyA5QuFb5a8lg7H2o9JioqDG6fXTcial2TQ. Retrying in 5s …
2026-07-01 02:41:47 | ERROR    | YouTubeLiveNotifier.YouTube              | YouTube API error 429: Quota exceeded for quota metric 'Search Queries' and limit 'Search Queries per day' of service 'youtube.googleapis.com' for consumer 'project_number:30789778189'.
2026-07-01 02:41:47 | WARNING  | YouTubeLiveNotifier                      | Error in check cycle: HTTPError: 429 Client Error: Too Many Requests for url: https://www.googleapis.com/youtube/v3/search?part=id%2Csnippet&channelId=UCrMGi1oYELKLGp5GgQajmWA&eventType=live&type=video&maxResults=1&key=AIzaSyA5QuFb5a8lg7H2o9JioqDG6fXTcial2TQ. Retrying in 5s …
2026-07-01 02:41:52 | ERROR    | YouTubeLiveNotifier.YouTube              | YouTube API error 429: Quota exceeded for quota metric 'Search Queries' and limit 'Search Queries per day' of service 'youtube.googleapis.com' for consumer 'project_number:30789778189'.
2026-07-01 02:41:52 | WARNING  | YouTubeLiveNotifier                      | Error in check cycle: HTTPError: 429 Client Error: Too Many Requests for url: https://www.googleapis.com/youtube/v3/search?part=id%2Csnippet&channelId=UCrMGi1oYELKLGp5GgQajmWA&eventType=live&type=video&maxResults=1&key=AIzaSyA5QuFb5a8lg7H2o9JioqDG6fXTcial2TQ. Retrying in 5s …
2026-07-01 02:41:57 | ERROR    | YouTubeLiveNotifier.YouTube              | YouTube API error 429: Quota exceeded for quota metric 'Search Queries' and limit 'Search Queries per day' of service 'youtube.googleapis.com' for consumer 'project_number:30789778189'.
2026-07-01 02:41:57 | WARNING  | YouTubeLiveNotifier                      | Error in check cycle: HTTPError: 429 Client Error: Too Many Requests for url: https://www.googleapis.com/youtube/v3/search?part=id%2Csnippet&channelId=UCrMGi1oYELKLGp5GgQajmWA&eventType=live&type=video&maxResults=1&key=AIzaSyA5QuFb5a8lg7H2o9JioqDG6fXTcial2TQ. Retrying in 5s …
2026-07-01 02:42:02 | ERROR    | YouTubeLiveNotifier.YouTube              | YouTube API error 429: Quota exceeded for quota metric 'Search Queries' and limit 'Search Queries per day' of service 'youtube.googleapis.com' for consumer 'project_number:30789778189'.
2026-07-01 02:42:02 | WARNING  | YouTubeLiveNotifier                      | Error in check cycle: HTTPError: 429 Client Error: Too Many Requests for url: https://www.googleapis.com/youtube/v3/search?part=id%2Csnippet&channelId=UCrMGi1oYELKLGp5GgQajmWA&eventType=live&type=video&maxResults=1&key=AIzaSyA5QuFb5a8lg7H2o9JioqDG6fXTcial2TQ. Retrying in 5s …
2026-07-01 02:42:07 | ERROR    | YouTubeLiveNotifier.YouTube              | YouTube API error 429: Quota exceeded for quota metric 'Search Queries' and limit 'Search Queries per day' of service 'youtube.googleapis.com' for consumer 'project_number:30789778189'.
2026-07-01 02:42:07 | WARNING  | YouTubeLiveNotifier                      | Error in check cycle: HTTPError: 429 Client Error: Too Many Requests for url: https://www.googleapis.com/youtube/v3/search?part=id%2Csnippet&channelId=UCrMGi1oYELKLGp5GgQajmWA&eventType=live&type=video&maxResults=1&key=AIzaSyA5QuFb5a8lg7H2o9JioqDG6fXTcial2TQ. Retrying in 5s …
2026-07-01 02:42:13 | ERROR    | YouTubeLiveNotifier.YouTube              | YouTube API error 429: Quota exceeded for quota metric 'Search Queries' and limit 'Search Queries per day' of service 'youtube.googleapis.com' for consumer 'project_number:30789778189'.
2026-07-01 02:42:13 | WARNING  | YouTubeLiveNotifier                      | Error in check cycle: HTTPError: 429 Client Error: Too Many Requests for url: https://www.googleapis.com/youtube/v3/search?part=id%2Csnippet&channelId=UCrMGi1oYELKLGp5GgQajmWA&eventType=live&type=video&maxResults=1&key=AIzaSyA5QuFb5a8lg7H2o9JioqDG6fXTcial2TQ. Retrying in 5s …
2026-07-01 02:42:18 | ERROR    | YouTubeLiveNotifier.YouTube              | YouTube API error 429: Quota exceeded for quota metric 'Search Queries' and limit 'Search Queries per day' of service 'youtube.googleapis.com' for consumer 'project_number:30789778189'.
2026-07-01 02:42:18 | WARNING  | YouTubeLiveNotifier                      | Error in check cycle: HTTPError: 429 Client Error: Too Many Requests for url: https://www.googleapis.com/youtube/v3/search?part=id%2Csnippet&channelId=UCrMGi1oYELKLGp5GgQajmWA&eventType=live&type=video&maxResults=1&key=AIzaSyA5QuFb5a8lg7H2o9JioqDG6fXTcial2TQ. Retrying in 5s …
2026-07-01 02:42:23 | ERROR    | YouTubeLiveNotifier.YouTube              | YouTube API error 429: Quota exceeded for quota metric 'Search Queries' and limit 'Search Queries per day' of service 'youtube.googleapis.com' for consumer 'project_number:30789778189'.
2026-07-01 02:42:23 | WARNING  | YouTubeLiveNotifier                      | Error in check cycle: HTTPError: 429 Client Error: Too Many Requests for url: https://www.googleapis.com/youtube/v3/search?part=id%2Csnippet&channelId=UCrMGi1oYELKLGp5GgQajmWA&eventType=live&type=video&maxResults=1&key=AIzaSyA5QuFb5a8lg7H2o9JioqDG6fXTcial2TQ. Retrying in 5s …
2026-07-01 02:42:28 | ERROR    | YouTubeLiveNotifier.YouTube              | YouTube API error 429: Quota exceeded for quota metric 'Search Queries' and limit 'Search Queries per day' of service 'youtube.googleapis.com' for consumer 'project_number:30789778189'.
2026-07-01 02:42:28 | WARNING  | YouTubeLiveNotifier                      | Error in check cycle: HTTPError: 429 Client Error: Too Many Requests for url: https://www.googleapis.com/youtube/v3/search?part=id%2Csnippet&channelId=UCrMGi1oYELKLGp5GgQajmWA&eventType=live&type=video&maxResults=1&key=AIzaSyA5QuFb5a8lg7H2o9JioqDG6fXTcial2TQ. Retrying in 5s …
2026-07-01 02:42:33 | ERROR    | YouTubeLiveNotifier.YouTube              | YouTube API error 429: Quota exceeded for quota metric 'Search Queries' and limit 'Search Queries per day' of service 'youtube.googleapis.com' for consumer 'project_number:30789778189'.
2026-07-01 02:42:33 | WARNING  | YouTubeLiveNotifier                      | Error in check cycle: HTTPError: 429 Client Error: Too Many Requests for url: https://www.googleapis.com/youtube/v3/search?part=id%2Csnippet&channelId=UCrMGi1oYELKLGp5GgQajmWA&eventType=live&type=video&maxResults=1&key=AIzaSyA5QuFb5a8lg7H2o9JioqDG6fXTcial2TQ. Retrying in 5s …
2026-07-01 02:42:38 | ERROR    | YouTubeLiveNotifier.YouTube              | YouTube API error 429: Quota exceeded for quota metric 'Search Queries' and limit 'Search Queries per day' of service 'youtube.googleapis.com' for consumer 'project_number:30789778189'.
2026-07-01 02:42:38 | WARNING  | YouTubeLiveNotifier                      | Error in check cycle: HTTPError: 429 Client Error: Too Many Requests for url: https://www.googleapis.com/youtube/v3/search?part=id%2Csnippet&channelId=UCrMGi1oYELKLGp5GgQajmWA&eventType=live&type=video&maxResults=1&key=AIzaSyA5QuFb5a8lg7H2o9JioqDG6fXTcial2TQ. Retrying in 5s …
2026-07-01 02:42:54 | ERROR    | YouTubeLiveNotifier.YouTube              | YouTube API error 429: Quota exceeded for quota metric 'Search Queries' and limit 'Search Queries per day' of service 'youtube.googleapis.com' for consumer 'project_number:30789778189'.
2026-07-01 02:42:54 | WARNING  | YouTubeLiveNotifier                      | Error in check cycle: HTTPError: 429 Client Error: Too Many Requests for url: https://www.googleapis.com/youtube/v3/search?part=id%2Csnippet&channelId=UCrMGi1oYELKLGp5GgQajmWA&eventType=live&type=video&maxResults=1&key=AIzaSyA5QuFb5a8lg7H2o9JioqDG6fXTcial2TQ. Retrying in 5s …
2026-07-01 02:43:05 | ERROR    | YouTubeLiveNotifier.YouTube              | YouTube API error 429: Quota exceeded for quota metric 'Search Queries' and limit 'Search Queries per day' of service 'youtube.googleapis.com' for consumer 'project_number:30789778189'.
2026-07-01 02:43:05 | WARNING  | YouTubeLiveNotifier                      | Error in check cycle: HTTPError: 429 Client Error: Too Many Requests for url: https://www.googleapis.com/youtube/v3/search?part=id%2Csnippet&channelId=UCrMGi1oYELKLGp5GgQajmWA&eventType=live&type=video&maxResults=1&key=AIzaSyA5QuFb5a8lg7H2o9JioqDG6fXTcial2TQ. Retrying in 5s …
2026-07-01 02:43:10 | ERROR    | YouTubeLiveNotifier.YouTube              | YouTube API error 429: Quota exceeded for quota metric 'Search Queries' and limit 'Search Queries per day' of service 'youtube.googleapis.com' for consumer 'project_number:30789778189'.
2026-07-01 02:43:10 | WARNING  | YouTubeLiveNotifier                      | Error in check cycle: HTTPError: 429 Client Error: Too Many Requests for url: https://www.googleapis.com/youtube/v3/search?part=id%2Csnippet&channelId=UCrMGi1oYELKLGp5GgQajmWA&eventType=live&type=video&maxResults=1&key=AIzaSyA5QuFb5a8lg7H2o9JioqDG6fXTcial2TQ. Retrying in 5s …
2026-07-01 02:43:15 | ERROR    | YouTubeLiveNotifier.YouTube              | YouTube API error 429: Quota exceeded for quota metric 'Search Queries' and limit 'Search Queries per day' of service 'youtube.googleapis.com' for consumer 'project_number:30789778189'.
2026-07-01 02:43:15 | WARNING  | YouTubeLiveNotifier                      | Error in check cycle: HTTPError: 429 Client Error: Too Many Requests for url: https://www.googleapis.com/youtube/v3/search?part=id%2Csnippet&channelId=UCrMGi1oYELKLGp5GgQajmWA&eventType=live&type=video&maxResults=1&key=AIzaSyA5QuFb5a8lg7H2o9JioqDG6fXTcial2TQ. Retrying in 5s …
2026-07-01 02:43:21 | ERROR    | YouTubeLiveNotifier.YouTube              | YouTube API error 429: Quota exceeded for quota metric 'Search Queries' and limit 'Search Queries per day' of service 'youtube.googleapis.com' for consumer 'project_number:30789778189'.
2026-07-01 02:43:21 | WARNING  | YouTubeLiveNotifier                      | Error in check cycle: HTTPError: 429 Client Error: Too Many Requests for url: https://www.googleapis.com/youtube/v3/search?part=id%2Csnippet&channelId=UCrMGi1oYELKLGp5GgQajmWA&eventType=live&type=video&maxResults=1&key=AIzaSyA5QuFb5a8lg7H2o9JioqDG6fXTcial2TQ. Retrying in 5s …
2026-07-01 02:43:31 | ERROR    | YouTubeLiveNotifier.YouTube              | YouTube API error 429: Quota exceeded for quota metric 'Search Queries' and limit 'Search Queries per day' of service 'youtube.googleapis.com' for consumer 'project_number:30789778189'.
2026-07-01 02:43:31 | WARNING  | YouTubeLiveNotifier                      | Error in check cycle: HTTPError: 429 Client Error: Too Many Requests for url: https://www.googleapis.com/youtube/v3/search?part=id%2Csnippet&channelId=UCrMGi1oYELKLGp5GgQajmWA&eventType=live&type=video&maxResults=1&key=AIzaSyA5QuFb5a8lg7H2o9JioqDG6fXTcial2TQ. Retrying in 5s …
2026-07-01 02:43:36 | ERROR    | YouTubeLiveNotifier.YouTube              | YouTube API error 429: Quota exceeded for quota metric 'Search Queries' and limit 'Search Queries per day' of service 'youtube.googleapis.com' for consumer 'project_number:30789778189'.
2026-07-01 02:43:36 | WARNING  | YouTubeLiveNotifier                      | Error in check cycle: HTTPError: 429 Client Error: Too Many Requests for url: https://www.googleapis.com/youtube/v3/search?part=id%2Csnippet&channelId=UCrMGi1oYELKLGp5GgQajmWA&eventType=live&type=video&maxResults=1&key=AIzaSyA5QuFb5a8lg7H2o9JioqDG6fXTcial2TQ. Retrying in 5s …
2026-07-01 02:43:41 | ERROR    | YouTubeLiveNotifier.YouTube              | YouTube API error 429: Quota exceeded for quota metric 'Search Queries' and limit 'Search Queries per day' of service 'youtube.googleapis.com' for consumer 'project_number:30789778189'.
2026-07-01 02:43:41 | WARNING  | YouTubeLiveNotifier                      | Error in check cycle: HTTPError: 429 Client Error: Too Many Requests for url: https://www.googleapis.com/youtube/v3/search?part=id%2Csnippet&channelId=UCrMGi1oYELKLGp5GgQajmWA&eventType=live&type=video&maxResults=1&key=AIzaSyA5QuFb5a8lg7H2o9JioqDG6fXTcial2TQ. Retrying in 5s …
2026-07-01 02:43:47 | ERROR    | YouTubeLiveNotifier.YouTube              | YouTube API error 429: Quota exceeded for quota metric 'Search Queries' and limit 'Search Queries per day' of service 'youtube.googleapis.com' for consumer 'project_number:30789778189'.
2026-07-01 02:43:47 | WARNING  | YouTubeLiveNotifier                      | Error in check cycle: HTTPError: 429 Client Error: Too Many Requests for url: https://www.googleapis.com/youtube/v3/search?part=id%2Csnippet&channelId=UCrMGi1oYELKLGp5GgQajmWA&eventType=live&type=video&maxResults=1&key=AIzaSyA5QuFb5a8lg7H2o9JioqDG6fXTcial2TQ. Retrying in 5s …
2026-07-01 02:43:57 | ERROR    | YouTubeLiveNotifier.YouTube              | YouTube API error 429: Quota exceeded for quota metric 'Search Queries' and limit 'Search Queries per day' of service 'youtube.googleapis.com' for consumer 'project_number:30789778189'.
2026-07-01 02:43:57 | WARNING  | YouTubeLiveNotifier                      | Error in check cycle: HTTPError: 429 Client Error: Too Many Requests for url: https://www.googleapis.com/youtube/v3/search?part=id%2Csnippet&channelId=UCrMGi1oYELKLGp5GgQajmWA&eventType=live&type=video&maxResults=1&key=AIzaSyA5QuFb5a8lg7H2o9JioqDG6fXTcial2TQ. Retrying in 5s …
2026-07-01 02:44:13 | ERROR    | YouTubeLiveNotifier.YouTube              | YouTube API error 429: Quota exceeded for quota metric 'Search Queries' and limit 'Search Queries per day' of service 'youtube.googleapis.com' for consumer 'project_number:30789778189'.
2026-07-01 02:44:13 | WARNING  | YouTubeLiveNotifier                      | Error in check cycle: HTTPError: 429 Client Error: Too Many Requests for url: https://www.googleapis.com/youtube/v3/search?part=id%2Csnippet&channelId=UCrMGi1oYELKLGp5GgQajmWA&eventType=live&type=video&maxResults=1&key=AIzaSyA5QuFb5a8lg7H2o9JioqDG6fXTcial2TQ. Retrying in 5s …
2026-07-01 02:44:18 | ERROR    | YouTubeLiveNotifier.YouTube              | YouTube API error 429: Quota exceeded for quota metric 'Search Queries' and limit 'Search Queries per day' of service 'youtube.googleapis.com' for consumer 'project_number:30789778189'.
2026-07-01 02:44:18 | WARNING  | YouTubeLiveNotifier                      | Error in check cycle: HTTPError: 429 Client Error: Too Many Requests for url: https://www.googleapis.com/youtube/v3/search?part=id%2Csnippet&channelId=UCrMGi1oYELKLGp5GgQajmWA&eventType=live&type=video&maxResults=1&key=AIzaSyA5QuFb5a8lg7H2o9JioqDG6fXTcial2TQ. Retrying in 5s …
2026-07-01 02:44:23 | ERROR    | YouTubeLiveNotifier.YouTube              | YouTube API error 429: Quota exceeded for quota metric 'Search Queries' and limit 'Search Queries per day' of service 'youtube.googleapis.com' for consumer 'project_number:30789778189'.
2026-07-01 02:44:23 | WARNING  | YouTubeLiveNotifier                      | Error in check cycle: HTTPError: 429 Client Error: Too Many Requests for url: https://www.googleapis.com/youtube/v3/search?part=id%2Csnippet&channelId=UCrMGi1oYELKLGp5GgQajmWA&eventType=live&type=video&maxResults=1&key=AIzaSyA5QuFb5a8lg7H2o9JioqDG6fXTcial2TQ. Retrying in 5s …
2026-07-01 02:44:29 | ERROR    | YouTubeLiveNotifier.YouTube              | YouTube API error 429: Quota exceeded for quota metric 'Search Queries' and limit 'Search Queries per day' of service 'youtube.googleapis.com' for consumer 'project_number:30789778189'.
2026-07-01 02:44:29 | WARNING  | YouTubeLiveNotifier                      | Error in check cycle: HTTPError: 429 Client Error: Too Many Requests for url: https://www.googleapis.com/youtube/v3/search?part=id%2Csnippet&channelId=UCrMGi1oYELKLGp5GgQajmWA&eventType=live&type=video&maxResults=1&key=AIzaSyA5QuFb5a8lg7H2o9JioqDG6fXTcial2TQ. Retrying in 5s …
2026-07-01 02:44:34 | ERROR    | YouTubeLiveNotifier.YouTube              | YouTube API error 429: Quota exceeded for quota metric 'Search Queries' and limit 'Search Queries per day' of service 'youtube.googleapis.com' for consumer 'project_number:30789778189'.
2026-07-01 02:44:34 | WARNING  | YouTubeLiveNotifier                      | Error in check cycle: HTTPError: 429 Client Error: Too Many Requests for url: https://www.googleapis.com/youtube/v3/search?part=id%2Csnippet&channelId=UCrMGi1oYELKLGp5GgQajmWA&eventType=live&type=video&maxResults=1&key=AIzaSyA5QuFb5a8lg7H2o9JioqDG6fXTcial2TQ. Retrying in 5s …
2026-07-01 02:44:39 | ERROR    | YouTubeLiveNotifier.YouTube              | YouTube API error 429: Quota exceeded for quota metric 'Search Queries' and limit 'Search Queries per day' of service 'youtube.googleapis.com' for consumer 'project_number:30789778189'.
2026-07-01 02:44:39 | WARNING  | YouTubeLiveNotifier                      | Error in check cycle: HTTPError: 429 Client Error: Too Many Requests for url: https://www.googleapis.com/youtube/v3/search?part=id%2Csnippet&channelId=UCrMGi1oYELKLGp5GgQajmWA&eventType=live&type=video&maxResults=1&key=AIzaSyA5QuFb5a8lg7H2o9JioqDG6fXTcial2TQ. Retrying in 5s …
2026-07-01 02:44:50 | ERROR    | YouTubeLiveNotifier.YouTube              | YouTube API error 429: Quota exceeded for quota metric 'Search Queries' and limit 'Search Queries per day' of service 'youtube.googleapis.com' for consumer 'project_number:30789778189'.
2026-07-01 02:44:50 | WARNING  | YouTubeLiveNotifier                      | Error in check cycle: HTTPError: 429 Client Error: Too Many Requests for url: https://www.googleapis.com/youtube/v3/search?part=id%2Csnippet&channelId=UCrMGi1oYELKLGp5GgQajmWA&eventType=live&type=video&maxResults=1&key=AIzaSyA5QuFb5a8lg7H2o9JioqDG6fXTcial2TQ. Retrying in 5s …
2026-07-01 02:44:55 | ERROR    | YouTubeLiveNotifier.YouTube              | YouTube API error 429: Quota exceeded for quota metric 'Search Queries' and limit 'Search Queries per day' of service 'youtube.googleapis.com' for consumer 'project_number:30789778189'.
2026-07-01 02:44:55 | WARNING  | YouTubeLiveNotifier                      | Error in check cycle: HTTPError: 429 Client Error: Too Many Requests for url: https://www.googleapis.com/youtube/v3/search?part=id%2Csnippet&channelId=UCrMGi1oYELKLGp5GgQajmWA&eventType=live&type=video&maxResults=1&key=AIzaSyA5QuFb5a8lg7H2o9JioqDG6fXTcial2TQ. Retrying in 5s …
2026-07-01 02:45:00 | ERROR    | YouTubeLiveNotifier.YouTube              | YouTube API error 429: Quota exceeded for quota metric 'Search Queries' and limit 'Search Queries per day' of service 'youtube.googleapis.com' for consumer 'project_number:30789778189'.
2026-07-01 02:45:00 | WARNING  | YouTubeLiveNotifier                      | Error in check cycle: HTTPError: 429 Client Error: Too Many Requests for url: https://www.googleapis.com/youtube/v3/search?part=id%2Csnippet&channelId=UCrMGi1oYELKLGp5GgQajmWA&eventType=live&type=video&maxResults=1&key=AIzaSyA5QuFb5a8lg7H2o9JioqDG6fXTcial2TQ. Retrying in 5s …
2026-07-01 02:45:10 | ERROR    | YouTubeLiveNotifier.YouTube              | YouTube API error 429: Quota exceeded for quota metric 'Search Queries' and limit 'Search Queries per day' of service 'youtube.googleapis.com' for consumer 'project_number:30789778189'.
2026-07-01 02:45:10 | WARNING  | YouTubeLiveNotifier                      | Error in check cycle: HTTPError: 429 Client Error: Too Many Requests for url: https://www.googleapis.com/youtube/v3/search?part=id%2Csnippet&channelId=UCrMGi1oYELKLGp5GgQajmWA&eventType=live&type=video&maxResults=1&key=AIzaSyA5QuFb5a8lg7H2o9JioqDG6fXTcial2TQ. Retrying in 5s …
2026-07-01 02:45:16 | ERROR    | YouTubeLiveNotifier.YouTube              | YouTube API error 429: Quota exceeded for quota metric 'Search Queries' and limit 'Search Queries per day' of service 'youtube.googleapis.com' for consumer 'project_number:30789778189'.
2026-07-01 02:45:16 | WARNING  | YouTubeLiveNotifier                      | Error in check cycle: HTTPError: 429 Client Error: Too Many Requests for url: https://www.googleapis.com/youtube/v3/search?part=id%2Csnippet&channelId=UCrMGi1oYELKLGp5GgQajmWA&eventType=live&type=video&maxResults=1&key=AIzaSyA5QuFb5a8lg7H2o9JioqDG6fXTcial2TQ. Retrying in 5s …
2026-07-01 02:45:21 | ERROR    | YouTubeLiveNotifier.YouTube              | YouTube API error 429: Quota exceeded for quota metric 'Search Queries' and limit 'Search Queries per day' of service 'youtube.googleapis.com' for consumer 'project_number:30789778189'.
2026-07-01 02:45:21 | WARNING  | YouTubeLiveNotifier                      | Error in check cycle: HTTPError: 429 Client Error: Too Many Requests for url: https://www.googleapis.com/youtube/v3/search?part=id%2Csnippet&channelId=UCrMGi1oYELKLGp5GgQajmWA&eventType=live&type=video&maxResults=1&key=AIzaSyA5QuFb5a8lg7H2o9JioqDG6fXTcial2TQ. Retrying in 5s …
2026-07-01 02:45:26 | ERROR    | YouTubeLiveNotifier.YouTube              | YouTube API error 429: Quota exceeded for quota metric 'Search Queries' and limit 'Search Queries per day' of service 'youtube.googleapis.com' for consumer 'project_number:30789778189'.
2026-07-01 02:45:26 | WARNING  | YouTubeLiveNotifier                      | Error in check cycle: HTTPError: 429 Client Error: Too Many Requests for url: https://www.googleapis.com/youtube/v3/search?part=id%2Csnippet&channelId=UCrMGi1oYELKLGp5GgQajmWA&eventType=live&type=video&maxResults=1&key=AIzaSyA5QuFb5a8lg7H2o9JioqDG6fXTcial2TQ. Retrying in 5s …
2026-07-01 02:45:42 | ERROR    | YouTubeLiveNotifier.YouTube              | YouTube API error 429: Quota exceeded for quota metric 'Search Queries' and limit 'Search Queries per day' of service 'youtube.googleapis.com' for consumer 'project_number:30789778189'.
2026-07-01 02:45:42 | WARNING  | YouTubeLiveNotifier                      | Error in check cycle: HTTPError: 429 Client Error: Too Many Requests for url: https://www.googleapis.com/youtube/v3/search?part=id%2Csnippet&channelId=UCrMGi1oYELKLGp5GgQajmWA&eventType=live&type=video&maxResults=1&key=AIzaSyA5QuFb5a8lg7H2o9JioqDG6fXTcial2TQ. Retrying in 5s …
2026-07-01 02:45:47 | ERROR    | YouTubeLiveNotifier.YouTube              | YouTube API error 429: Quota exceeded for quota metric 'Search Queries' and limit 'Search Queries per day' of service 'youtube.googleapis.com' for consumer 'project_number:30789778189'.
2026-07-01 02:45:47 | WARNING  | YouTubeLiveNotifier                      | Error in check cycle: HTTPError: 429 Client Error: Too Many Requests for url: https://www.googleapis.com/youtube/v3/search?part=id%2Csnippet&channelId=UCrMGi1oYELKLGp5GgQajmWA&eventType=live&type=video&maxResults=1&key=AIzaSyA5QuFb5a8lg7H2o9JioqDG6fXTcial2TQ. Retrying in 5s …
2026-07-01 02:45:52 | ERROR    | YouTubeLiveNotifier.YouTube              | YouTube API error 429: Quota exceeded for quota metric 'Search Queries' and limit 'Search Queries per day' of service 'youtube.googleapis.com' for consumer 'project_number:30789778189'.
2026-07-01 02:45:52 | WARNING  | YouTubeLiveNotifier                      | Error in check cycle: HTTPError: 429 Client Error: Too Many Requests for url: https://www.googleapis.com/youtube/v3/search?part=id%2Csnippet&channelId=UCrMGi1oYELKLGp5GgQajmWA&eventType=live&type=video&maxResults=1&key=AIzaSyA5QuFb5a8lg7H2o9JioqDG6fXTcial2TQ. Retrying in 5s …
2026-07-01 02:46:03 | ERROR    | YouTubeLiveNotifier.YouTube              | YouTube API error 429: Quota exceeded for quota metric 'Search Queries' and limit 'Search Queries per day' of service 'youtube.googleapis.com' for consumer 'project_number:30789778189'.
2026-07-01 02:46:03 | WARNING  | YouTubeLiveNotifier                      | Error in check cycle: HTTPError: 429 Client Error: Too Many Requests for url: https://www.googleapis.com/youtube/v3/search?part=id%2Csnippet&channelId=UCrMGi1oYELKLGp5GgQajmWA&eventType=live&type=video&maxResults=1&key=AIzaSyA5QuFb5a8lg7H2o9JioqDG6fXTcial2TQ. Retrying in 5s …
2026-07-01 02:46:19 | ERROR    | YouTubeLiveNotifier.YouTube              | YouTube API error 429: Quota exceeded for quota metric 'Search Queries' and limit 'Search Queries per day' of service 'youtube.googleapis.com' for consumer 'project_number:30789778189'.
2026-07-01 02:46:19 | WARNING  | YouTubeLiveNotifier                      | Error in check cycle: HTTPError: 429 Client Error: Too Many Requests for url: https://www.googleapis.com/youtube/v3/search?part=id%2Csnippet&channelId=UCrMGi1oYELKLGp5GgQajmWA&eventType=live&type=video&maxResults=1&key=AIzaSyA5QuFb5a8lg7H2o9JioqDG6fXTcial2TQ. Retrying in 5s …
2026-07-01 02:46:35 | ERROR    | YouTubeLiveNotifier.YouTube              | YouTube API error 429: Quota exceeded for quota metric 'Search Queries' and limit 'Search Queries per day' of service 'youtube.googleapis.com' for consumer 'project_number:30789778189'.
2026-07-01 02:46:35 | WARNING  | YouTubeLiveNotifier                      | Error in check cycle: HTTPError: 429 Client Error: Too Many Requests for url: https://www.googleapis.com/youtube/v3/search?part=id%2Csnippet&channelId=UCrMGi1oYELKLGp5GgQajmWA&eventType=live&type=video&maxResults=1&key=AIzaSyA5QuFb5a8lg7H2o9JioqDG6fXTcial2TQ. Retrying in 5s …
2026-07-01 02:46:40 | ERROR    | YouTubeLiveNotifier.YouTube              | YouTube API error 429: Quota exceeded for quota metric 'Search Queries' and limit 'Search Queries per day' of service 'youtube.googleapis.com' for consumer 'project_number:30789778189'.
2026-07-01 02:46:40 | WARNING  | YouTubeLiveNotifier                      | Error in check cycle: HTTPError: 429 Client Error: Too Many Requests for url: https://www.googleapis.com/youtube/v3/search?part=id%2Csnippet&channelId=UCrMGi1oYELKLGp5GgQajmWA&eventType=live&type=video&maxResults=1&key=AIzaSyA5QuFb5a8lg7H2o9JioqDG6fXTcial2TQ. Retrying in 5s …
2026-07-01 02:46:45 | ERROR    | YouTubeLiveNotifier.YouTube              | YouTube API error 429: Quota exceeded for quota metric 'Search Queries' and limit 'Search Queries per day' of service 'youtube.googleapis.com' for consumer 'project_number:30789778189'.
2026-07-01 02:46:45 | WARNING  | YouTubeLiveNotifier                      | Error in check cycle: HTTPError: 429 Client Error: Too Many Requests for url: https://www.googleapis.com/youtube/v3/search?part=id%2Csnippet&channelId=UCrMGi1oYELKLGp5GgQajmWA&eventType=live&type=video&maxResults=1&key=AIzaSyA5QuFb5a8lg7H2o9JioqDG6fXTcial2TQ. Retrying in 5s …
2026-07-01 02:46:50 | ERROR    | YouTubeLiveNotifier.YouTube              | YouTube API error 429: Quota exceeded for quota metric 'Search Queries' and limit 'Search Queries per day' of service 'youtube.googleapis.com' for consumer 'project_number:30789778189'.
2026-07-01 02:46:50 | WARNING  | YouTubeLiveNotifier                      | Error in check cycle: HTTPError: 429 Client Error: Too Many Requests for url: https://www.googleapis.com/youtube/v3/search?part=id%2Csnippet&channelId=UCrMGi1oYELKLGp5GgQajmWA&eventType=live&type=video&maxResults=1&key=AIzaSyA5QuFb5a8lg7H2o9JioqDG6fXTcial2TQ. Retrying in 5s …
2026-07-01 02:46:55 | ERROR    | YouTubeLiveNotifier.YouTube              | YouTube API error 429: Quota exceeded for quota metric 'Search Queries' and limit 'Search Queries per day' of service 'youtube.googleapis.com' for consumer 'project_number:30789778189'.
2026-07-01 02:46:55 | WARNING  | YouTubeLiveNotifier                      | Error in check cycle: HTTPError: 429 Client Error: Too Many Requests for url: https://www.googleapis.com/youtube/v3/search?part=id%2Csnippet&channelId=UCrMGi1oYELKLGp5GgQajmWA&eventType=live&type=video&maxResults=1&key=AIzaSyA5QuFb5a8lg7H2o9JioqDG6fXTcial2TQ. Retrying in 5s …
2026-07-01 02:47:11 | ERROR    | YouTubeLiveNotifier.YouTube              | YouTube API error 429: Quota exceeded for quota metric 'Search Queries' and limit 'Search Queries per day' of service 'youtube.googleapis.com' for consumer 'project_number:30789778189'.
2026-07-01 02:47:11 | WARNING  | YouTubeLiveNotifier                      | Error in check cycle: HTTPError: 429 Client Error: Too Many Requests for url: https://www.googleapis.com/youtube/v3/search?part=id%2Csnippet&channelId=UCrMGi1oYELKLGp5GgQajmWA&eventType=live&type=video&maxResults=1&key=AIzaSyA5QuFb5a8lg7H2o9JioqDG6fXTcial2TQ. Retrying in 5s …
2026-07-01 02:47:22 | ERROR    | YouTubeLiveNotifier.YouTube              | YouTube API error 429: Quota exceeded for quota metric 'Search Queries' and limit 'Search Queries per day' of service 'youtube.googleapis.com' for consumer 'project_number:30789778189'.
2026-07-01 02:47:22 | WARNING  | YouTubeLiveNotifier                      | Error in check cycle: HTTPError: 429 Client Error: Too Many Requests for url: https://www.googleapis.com/youtube/v3/search?part=id%2Csnippet&channelId=UCrMGi1oYELKLGp5GgQajmWA&eventType=live&type=video&maxResults=1&key=AIzaSyA5QuFb5a8lg7H2o9JioqDG6fXTcial2TQ. Retrying in 5s …
2026-07-01 02:47:27 | ERROR    | YouTubeLiveNotifier.YouTube              | YouTube API error 429: Quota exceeded for quota metric 'Search Queries' and limit 'Search Queries per day' of service 'youtube.googleapis.com' for consumer 'project_number:30789778189'.
2026-07-01 02:47:27 | WARNING  | YouTubeLiveNotifier                      | Error in check cycle: HTTPError: 429 Client Error: Too Many Requests for url: https://www.googleapis.com/youtube/v3/search?part=id%2Csnippet&channelId=UCrMGi1oYELKLGp5GgQajmWA&eventType=live&type=video&maxResults=1&key=AIzaSyA5QuFb5a8lg7H2o9JioqDG6fXTcial2TQ. Retrying in 5s …
2026-07-01 02:47:32 | ERROR    | YouTubeLiveNotifier.YouTube              | YouTube API error 429: Quota exceeded for quota metric 'Search Queries' and limit 'Search Queries per day' of service 'youtube.googleapis.com' for consumer 'project_number:30789778189'.
2026-07-01 02:47:32 | WARNING  | YouTubeLiveNotifier                      | Error in check cycle: HTTPError: 429 Client Error: Too Many Requests for url: https://www.googleapis.com/youtube/v3/search?part=id%2Csnippet&channelId=UCrMGi1oYELKLGp5GgQajmWA&eventType=live&type=video&maxResults=1&key=AIzaSyA5QuFb5a8lg7H2o9JioqDG6fXTcial2TQ. Retrying in 5s …
2026-07-01 02:47:48 | ERROR    | YouTubeLiveNotifier.YouTube              | YouTube API error 429: Quota exceeded for quota metric 'Search Queries' and limit 'Search Queries per day' of service 'youtube.googleapis.com' for consumer 'project_number:30789778189'.
2026-07-01 02:47:48 | WARNING  | YouTubeLiveNotifier                      | Error in check cycle: HTTPError: 429 Client Error: Too Many Requests for url: https://www.googleapis.com/youtube/v3/search?part=id%2Csnippet&channelId=UCrMGi1oYELKLGp5GgQajmWA&eventType=live&type=video&maxResults=1&key=AIzaSyA5QuFb5a8lg7H2o9JioqDG6fXTcial2TQ. Retrying in 5s …
2026-07-01 02:47:59 | ERROR    | YouTubeLiveNotifier.YouTube              | YouTube API error 429: Quota exceeded for quota metric 'Search Queries' and limit 'Search Queries per day' of service 'youtube.googleapis.com' for consumer 'project_number:30789778189'.
2026-07-01 02:47:59 | WARNING  | YouTubeLiveNotifier                      | Error in check cycle: HTTPError: 429 Client Error: Too Many Requests for url: https://www.googleapis.com/youtube/v3/search?part=id%2Csnippet&channelId=UCrMGi1oYELKLGp5GgQajmWA&eventType=live&type=video&maxResults=1&key=AIzaSyA5QuFb5a8lg7H2o9JioqDG6fXTcial2TQ. Retrying in 5s …
2026-07-01 02:48:09 | ERROR    | YouTubeLiveNotifier.YouTube              | YouTube API error 429: Quota exceeded for quota metric 'Search Queries' and limit 'Search Queries per day' of service 'youtube.googleapis.com' for consumer 'project_number:30789778189'.
2026-07-01 02:48:09 | WARNING  | YouTubeLiveNotifier                      | Error in check cycle: HTTPError: 429 Client Error: Too Many Requests for url: https://www.googleapis.com/youtube/v3/search?part=id%2Csnippet&channelId=UCrMGi1oYELKLGp5GgQajmWA&eventType=live&type=video&maxResults=1&key=AIzaSyA5QuFb5a8lg7H2o9JioqDG6fXTcial2TQ. Retrying in 5s …
2026-07-01 02:48:14 | ERROR    | YouTubeLiveNotifier.YouTube              | YouTube API error 429: Quota exceeded for quota metric 'Search Queries' and limit 'Search Queries per day' of service 'youtube.googleapis.com' for consumer 'project_number:30789778189'.
2026-07-01 02:48:14 | WARNING  | YouTubeLiveNotifier                      | Error in check cycle: HTTPError: 429 Client Error: Too Many Requests for url: https://www.googleapis.com/youtube/v3/search?part=id%2Csnippet&channelId=UCrMGi1oYELKLGp5GgQajmWA&eventType=live&type=video&maxResults=1&key=AIzaSyA5QuFb5a8lg7H2o9JioqDG6fXTcial2TQ. Retrying in 5s …
2026-07-01 02:48:20 | ERROR    | YouTubeLiveNotifier.YouTube              | YouTube API error 429: Quota exceeded for quota metric 'Search Queries' and limit 'Search Queries per day' of service 'youtube.googleapis.com' for consumer 'project_number:30789778189'.
2026-07-01 02:48:20 | WARNING  | YouTubeLiveNotifier                      | Error in check cycle: HTTPError: 429 Client Error: Too Many Requests for url: https://www.googleapis.com/youtube/v3/search?part=id%2Csnippet&channelId=UCrMGi1oYELKLGp5GgQajmWA&eventType=live&type=video&maxResults=1&key=AIzaSyA5QuFb5a8lg7H2o9JioqDG6fXTcial2TQ. Retrying in 5s …
2026-07-01 02:48:25 | ERROR    | YouTubeLiveNotifier.YouTube              | YouTube API error 429: Quota exceeded for quota metric 'Search Queries' and limit 'Search Queries per day' of service 'youtube.googleapis.com' for consumer 'project_number:30789778189'.
2026-07-01 02:48:25 | WARNING  | YouTubeLiveNotifier                      | Error in check cycle: HTTPError: 429 Client Error: Too Many Requests for url: https://www.googleapis.com/youtube/v3/search?part=id%2Csnippet&channelId=UCrMGi1oYELKLGp5GgQajmWA&eventType=live&type=video&maxResults=1&key=AIzaSyA5QuFb5a8lg7H2o9JioqDG6fXTcial2TQ. Retrying in 5s …
2026-07-01 02:48:30 | ERROR    | YouTubeLiveNotifier.YouTube              | YouTube API error 429: Quota exceeded for quota metric 'Search Queries' and limit 'Search Queries per day' of service 'youtube.googleapis.com' for consumer 'project_number:30789778189'.
2026-07-01 02:48:30 | WARNING  | YouTubeLiveNotifier                      | Error in check cycle: HTTPError: 429 Client Error: Too Many Requests for url: https://www.googleapis.com/youtube/v3/search?part=id%2Csnippet&channelId=UCrMGi1oYELKLGp5GgQajmWA&eventType=live&type=video&maxResults=1&key=AIzaSyA5QuFb5a8lg7H2o9JioqDG6fXTcial2TQ. Retrying in 5s …
2026-07-01 02:48:35 | ERROR    | YouTubeLiveNotifier.YouTube              | YouTube API error 429: Quota exceeded for quota metric 'Search Queries' and limit 'Search Queries per day' of service 'youtube.googleapis.com' for consumer 'project_number:30789778189'.
2026-07-01 02:48:35 | WARNING  | YouTubeLiveNotifier                      | Error in check cycle: HTTPError: 429 Client Error: Too Many Requests for url: https://www.googleapis.com/youtube/v3/search?part=id%2Csnippet&channelId=UCrMGi1oYELKLGp5GgQajmWA&eventType=live&type=video&maxResults=1&key=AIzaSyA5QuFb5a8lg7H2o9JioqDG6fXTcial2TQ. Retrying in 5s …
2026-07-01 02:48:40 | ERROR    | YouTubeLiveNotifier.YouTube              | YouTube API error 429: Quota exceeded for quota metric 'Search Queries' and limit 'Search Queries per day' of service 'youtube.googleapis.com' for consumer 'project_number:30789778189'.
2026-07-01 02:48:40 | WARNING  | YouTubeLiveNotifier                      | Error in check cycle: HTTPError: 429 Client Error: Too Many Requests for url: https://www.googleapis.com/youtube/v3/search?part=id%2Csnippet&channelId=UCrMGi1oYELKLGp5GgQajmWA&eventType=live&type=video&maxResults=1&key=AIzaSyA5QuFb5a8lg7H2o9JioqDG6fXTcial2TQ. Retrying in 5s …
2026-07-01 02:48:46 | ERROR    | YouTubeLiveNotifier.YouTube              | YouTube API error 429: Quota exceeded for quota metric 'Search Queries' and limit 'Search Queries per day' of service 'youtube.googleapis.com' for consumer 'project_number:30789778189'.
2026-07-01 02:48:46 | WARNING  | YouTubeLiveNotifier                      | Error in check cycle: HTTPError: 429 Client Error: Too Many Requests for url: https://www.googleapis.com/youtube/v3/search?part=id%2Csnippet&channelId=UCrMGi1oYELKLGp5GgQajmWA&eventType=live&type=video&maxResults=1&key=AIzaSyA5QuFb5a8lg7H2o9JioqDG6fXTcial2TQ. Retrying in 5s …
2026-07-01 02:49:01 | ERROR    | YouTubeLiveNotifier.YouTube              | YouTube API error 429: Quota exceeded for quota metric 'Search Queries' and limit 'Search Queries per day' of service 'youtube.googleapis.com' for consumer 'project_number:30789778189'.
2026-07-01 02:49:01 | WARNING  | YouTubeLiveNotifier                      | Error in check cycle: HTTPError: 429 Client Error: Too Many Requests for url: https://www.googleapis.com/youtube/v3/search?part=id%2Csnippet&channelId=UCrMGi1oYELKLGp5GgQajmWA&eventType=live&type=video&maxResults=1&key=AIzaSyA5QuFb5a8lg7H2o9JioqDG6fXTcial2TQ. Retrying in 5s …
2026-07-01 02:49:07 | ERROR    | YouTubeLiveNotifier.YouTube              | YouTube API error 429: Quota exceeded for quota metric 'Search Queries' and limit 'Search Queries per day' of service 'youtube.googleapis.com' for consumer 'project_number:30789778189'.
2026-07-01 02:49:07 | WARNING  | YouTubeLiveNotifier                      | Error in check cycle: HTTPError: 429 Client Error: Too Many Requests for url: https://www.googleapis.com/youtube/v3/search?part=id%2Csnippet&channelId=UCrMGi1oYELKLGp5GgQajmWA&eventType=live&type=video&maxResults=1&key=AIzaSyA5QuFb5a8lg7H2o9JioqDG6fXTcial2TQ. Retrying in 5s …
2026-07-01 02:49:12 | ERROR    | YouTubeLiveNotifier.YouTube              | YouTube API error 429: Quota exceeded for quota metric 'Search Queries' and limit 'Search Queries per day' of service 'youtube.googleapis.com' for consumer 'project_number:30789778189'.
2026-07-01 02:49:12 | WARNING  | YouTubeLiveNotifier                      | Error in check cycle: HTTPError: 429 Client Error: Too Many Requests for url: https://www.googleapis.com/youtube/v3/search?part=id%2Csnippet&channelId=UCrMGi1oYELKLGp5GgQajmWA&eventType=live&type=video&maxResults=1&key=AIzaSyA5QuFb5a8lg7H2o9JioqDG6fXTcial2TQ. Retrying in 5s …
2026-07-01 02:49:17 | ERROR    | YouTubeLiveNotifier.YouTube              | YouTube API error 429: Quota exceeded for quota metric 'Search Queries' and limit 'Search Queries per day' of service 'youtube.googleapis.com' for consumer 'project_number:30789778189'.
2026-07-01 02:49:17 | WARNING  | YouTubeLiveNotifier                      | Error in check cycle: HTTPError: 429 Client Error: Too Many Requests for url: https://www.googleapis.com/youtube/v3/search?part=id%2Csnippet&channelId=UCrMGi1oYELKLGp5GgQajmWA&eventType=live&type=video&maxResults=1&key=AIzaSyA5QuFb5a8lg7H2o9JioqDG6fXTcial2TQ. Retrying in 5s …
2026-07-01 02:49:22 | ERROR    | YouTubeLiveNotifier.YouTube              | YouTube API error 429: Quota exceeded for quota metric 'Search Queries' and limit 'Search Queries per day' of service 'youtube.googleapis.com' for consumer 'project_number:30789778189'.
2026-07-01 02:49:22 | WARNING  | YouTubeLiveNotifier                      | Error in check cycle: HTTPError: 429 Client Error: Too Many Requests for url: https://www.googleapis.com/youtube/v3/search?part=id%2Csnippet&channelId=UCrMGi1oYELKLGp5GgQajmWA&eventType=live&type=video&maxResults=1&key=AIzaSyA5QuFb5a8lg7H2o9JioqDG6fXTcial2TQ. Retrying in 5s …
2026-07-01 02:49:27 | ERROR    | YouTubeLiveNotifier.YouTube              | YouTube API error 429: Quota exceeded for quota metric 'Search Queries' and limit 'Search Queries per day' of service 'youtube.googleapis.com' for consumer 'project_number:30789778189'.
2026-07-01 02:49:27 | WARNING  | YouTubeLiveNotifier                      | Error in check cycle: HTTPError: 429 Client Error: Too Many Requests for url: https://www.googleapis.com/youtube/v3/search?part=id%2Csnippet&channelId=UCrMGi1oYELKLGp5GgQajmWA&eventType=live&type=video&maxResults=1&key=AIzaSyA5QuFb5a8lg7H2o9JioqDG6fXTcial2TQ. Retrying in 5s …
2026-07-01 02:49:32 | ERROR    | YouTubeLiveNotifier.YouTube              | YouTube API error 429: Quota exceeded for quota metric 'Search Queries' and limit 'Search Queries per day' of service 'youtube.googleapis.com' for consumer 'project_number:30789778189'.
2026-07-01 02:49:32 | WARNING  | YouTubeLiveNotifier                      | Error in check cycle: HTTPError: 429 Client Error: Too Many Requests for url: https://www.googleapis.com/youtube/v3/search?part=id%2Csnippet&channelId=UCrMGi1oYELKLGp5GgQajmWA&eventType=live&type=video&maxResults=1&key=AIzaSyA5QuFb5a8lg7H2o9JioqDG6fXTcial2TQ. Retrying in 5s …
2026-07-01 02:49:38 | ERROR    | YouTubeLiveNotifier.YouTube              | YouTube API error 429: Quota exceeded for quota metric 'Search Queries' and limit 'Search Queries per day' of service 'youtube.googleapis.com' for consumer 'project_number:30789778189'.
2026-07-01 02:49:38 | WARNING  | YouTubeLiveNotifier                      | Error in check cycle: HTTPError: 429 Client Error: Too Many Requests for url: https://www.googleapis.com/youtube/v3/search?part=id%2Csnippet&channelId=UCrMGi1oYELKLGp5GgQajmWA&eventType=live&type=video&maxResults=1&key=AIzaSyA5QuFb5a8lg7H2o9JioqDG6fXTcial2TQ. Retrying in 5s …
2026-07-01 02:49:43 | ERROR    | YouTubeLiveNotifier.YouTube              | YouTube API error 429: Quota exceeded for quota metric 'Search Queries' and limit 'Search Queries per day' of service 'youtube.googleapis.com' for consumer 'project_number:30789778189'.
2026-07-01 02:49:43 | WARNING  | YouTubeLiveNotifier                      | Error in check cycle: HTTPError: 429 Client Error: Too Many Requests for url: https://www.googleapis.com/youtube/v3/search?part=id%2Csnippet&channelId=UCrMGi1oYELKLGp5GgQajmWA&eventType=live&type=video&maxResults=1&key=AIzaSyA5QuFb5a8lg7H2o9JioqDG6fXTcial2TQ. Retrying in 5s …
2026-07-01 02:49:48 | ERROR    | YouTubeLiveNotifier.YouTube              | YouTube API error 429: Quota exceeded for quota metric 'Search Queries' and limit 'Search Queries per day' of service 'youtube.googleapis.com' for consumer 'project_number:30789778189'.
2026-07-01 02:49:48 | WARNING  | YouTubeLiveNotifier                      | Error in check cycle: HTTPError: 429 Client Error: Too Many Requests for url: https://www.googleapis.com/youtube/v3/search?part=id%2Csnippet&channelId=UCrMGi1oYELKLGp5GgQajmWA&eventType=live&type=video&maxResults=1&key=AIzaSyA5QuFb5a8lg7H2o9JioqDG6fXTcial2TQ. Retrying in 5s …
2026-07-01 02:49:53 | ERROR    | YouTubeLiveNotifier.YouTube              | YouTube API error 403: The request cannot be completed because you have exceeded your <a href="/youtube/v3/getting-started#quota">quota</a>.
2026-07-01 02:49:53 | WARNING  | YouTubeLiveNotifier                      | Error in check cycle: HTTPError: 403 Client Error: Forbidden for url: https://www.googleapis.com/youtube/v3/search?part=id%2Csnippet&channelId=UCrMGi1oYELKLGp5GgQajmWA&eventType=live&type=video&maxResults=1&key=AIzaSyA5QuFb5a8lg7H2o9JioqDG6fXTcial2TQ. Retrying in 5s …
